fa_id,length,u_tail,pctU,gc,is_canonical
mO_001(V)_gCOX3(839-886),48,0,0.25,0.2708333333333333,
mO_002(I)_gCOX3(614-657),44,0,0.3409090909090909,0.2727272727272727,
mO_002(II)_gND7(996-1033),38,1,0.3684210526315789,0.3157894736842105,
mO_002(IV)_gND9(238-285),48,1,0.25,0.25,
mO_003(V)_gCOX3(837-880),44,1,0.25,0.22727272727272727,
mO_004(I)_gND8_v2(130-171),42,0,0.3333333333333333,0.2619047619047619,
mO_004(I)_gND8_v1(130-171),42,0,0.3333333333333333,0.2619047619047619,
mO_004(II)_gND7(113-155),43,0,0.27906976744186046,0.2558139534883721,
mO_004(IV)_gRPS12(192-237),46,1,0.2391304347826087,0.2608695652173913,
mO_004(V)_gND8_v1(521-562),42,0,0.40476190476190477,0.2619047619047619,
mO_004(V)_gND8_v2(519-560),42,0,0.40476190476190477,0.2619047619047619,
mO_005(II)_gA6_v1(699-741),43,1,0.20930232558139536,0.27906976744186046,
mO_005(II)_gA6_v2(699-741),43,1,0.20930232558139536,0.27906976744186046,
mO_005(IV)_gND7(388-428),41,1,0.2926829268292683,0.36585365853658536,
mO_006(II)_gCOX3(790-822),32,1,0.15625,0.28125,
mO_006(IV)_gCOX3(182-225),44,0,0.13636363636363635,0.3181818181818182,
mO_006(V)_gND3(275-318),44,0,0.25,0.25,
mO_007(IV)_gCOX3(197-227),31,0,0.0967741935483871,0.3548387096774194,
mO_007(V)_gND3(279-315),37,1,0.24324324324324326,0.24324324324324326,
mO_008(I)_gND8_v2(234-268),35,1,0.34285714285714286,0.2571428571428571,
mO_008(I)_gND8_v1(234-268),35,1,0.34285714285714286,0.2571428571428571,
mO_008(II)_gND8_v1(210-249),40,1,0.3,0.3,
mO_008(II)_gND8_v2(210-249),40,1,0.3,0.3,
mO_009(I)_gND9(202-246),45,0,0.26666666666666666,0.28888888888888886,
mO_009(II)_gCOX3(754-788),35,0,0.2857142857142857,0.2571428571428571,
mO_009(V)_gA6_v1(326-370),45,1,0.2222222222222222,0.17777777777777778,
mO_009(V)_gA6_v2(326-370),45,1,0.2222222222222222,0.17777777777777778,
mO_010(I)_gA6_v2(600-645),46,0,0.21739130434782608,0.2391304347826087,
mO_010(I)_gA6_v1(600-645),46,0,0.21739130434782608,0.2391304347826087,
mO_010(II)_gCOX3(130-169),40,0,0.225,0.275,
mO_010(IV)_gND9(376-416),41,0,0.2682926829268293,0.2926829268292683,
mO_011(I)_gND8_v1(317-343),27,0,0.2222222222222222,0.37037037037037035,
mO_011(I)_gND8_v2(317-343),27,0,0.2222222222222222,0.37037037037037035,
mO_011(II)_gND9(319-364),46,0,0.17391304347826086,0.32608695652173914,
mO_011(IV)_gRPS12(189-233),45,0,0.24444444444444444,0.26666666666666666,
mO_012(I)_gND9(556-587),32,1,0.25,0.28125,
mO_012(II)_gND9(433-474),42,1,0.30952380952380953,0.2619047619047619,
mO_012(IV)_gND7(619-660),42,2,0.2857142857142857,0.23809523809523808,
mO_013(IV)_gRPS12(62-101),40,0,0.225,0.275,
mO_013(V)_gA6_v1(266-304),39,0,0.23076923076923078,0.20512820512820512,
mO_013(V)_gA6_v2(266-304),39,0,0.23076923076923078,0.20512820512820512,
mO_014(I)_gND8_v2(236-275),40,0,0.3,0.3,
mO_014(I)_gND8_v1(236-275),40,0,0.3,0.3,
mO_014(II)_gCR3(31-65),35,0,0.17142857142857143,0.2,
mO_014(V)_gCOX3(34-63),30,0,0.13333333333333333,0.26666666666666666,
mO_015(I)_gCOX3(528-566),39,0,0.15384615384615385,0.358974358974359,
mO_015(IV)_gND7(842-882),41,1,0.3170731707317073,0.2926829268292683,
mO_015(V)_gND7(310-351),42,0,0.30952380952380953,0.2857142857142857,
mO_016(I)_gRPS12(117-153),37,0,0.35135135135135137,0.3783783783783784,
mO_016(II)_gCOX3(120-168),49,1,0.2653061224489796,0.24489795918367346,
mO_016(IV)_gND7(131-159),29,0,0.27586206896551724,0.27586206896551724,
mO_017(I)_gCR4(354-395),42,0,0.19047619047619047,0.23809523809523808,
mO_017(II)_gND7(499-532),34,0,0.29411764705882354,0.29411764705882354,
mO_017(IV)_gA6_v1(443-485),43,1,0.2558139534883721,0.3023255813953488,
mO_017(IV)_gA6_v2(443-485),43,1,0.2558139534883721,0.3023255813953488,
mO_018(I)_gCOX3(148-182),35,0,0.2,0.34285714285714286,
mO_018(II)_gND7(478-515),38,0,0.23684210526315788,0.3157894736842105,
mO_018(IV)_gND8_v1(326-368),43,2,0.2558139534883721,0.2558139534883721,
mO_018(IV)_gND8_v2(326-368),43,2,0.2558139534883721,0.2558139534883721,
mO_019(I)_gCOX3(494-537),44,1,0.3181818181818182,0.25,
mO_019(IV)_gND3(339-378),40,0,0.4,0.225,
mO_020(II)_gCOX3(768-811),44,0,0.25,0.2727272727272727,
mO_020(IV)_gCOX3(175-218),44,0,0.20454545454545456,0.25,
mO_021(I)_gCR3(156-199),44,0,0.2727272727272727,0.22727272727272727,
mO_021(II)_gCOX3(807-850),44,1,0.22727272727272727,0.29545454545454547,
mO_021(IV)_gCR4(203-245),43,0,0.27906976744186046,0.3023255813953488,
mO_022(I)_gCOX3(614-641),28,0,0.35714285714285715,0.2857142857142857,
mO_022(IV)_gND7(841-884),44,0,0.3181818181818182,0.3181818181818182,
mO_022(V)_gND7(1102-1141),40,0,0.225,0.35,
mO_023(I)_gA6_v2(107-151),45,0,0.28888888888888886,0.24444444444444444,
mO_023(I)_gA6_v1(107-151),45,0,0.28888888888888886,0.24444444444444444,
mO_023(II)_gND8_v1(199-241),43,0,0.2558139534883721,0.32558139534883723,
mO_023(II)_gND8_v2(199-241),43,0,0.2558139534883721,0.32558139534883723,
mO_023(IV)_gCR4(312-336),25,0,0.12,0.16,
mO_024(I)_gRPS12(285-321),37,0,0.40540540540540543,0.24324324324324326,
mO_024(II)_gCOX3(460-510),51,0,0.35294117647058826,0.19607843137254902,
mO_025(I)_gCR3(162-200),39,0,0.23076923076923078,0.28205128205128205,
mO_025(II)_gCOX3(814-845),32,0,0.25,0.25,
mO_025(IV)_gCR4(203-242),40,0,0.275,0.325,
mO_026(I)_gCOX3(109-147),39,0,0.23076923076923078,0.3076923076923077,
mO_026(IV)_gCOX3(247-287),41,0,0.24390243902439024,0.2682926829268293,
mO_027(I)_gA6_v2(480-519),40,0,0.2,0.325,
mO_027(I)_gA6_v1(480-519),40,0,0.2,0.325,
mO_027(II)_gND8_v1(100-135),36,0,0.19444444444444445,0.25,
mO_027(II)_gND8_v2(100-135),36,0,0.19444444444444445,0.25,
mO_027(IV)_gND8_v1(271-306),36,0,0.25,0.3611111111111111,
mO_027(IV)_gND8_v2(271-306),36,0,0.25,0.3611111111111111,
mO_028(II)_gCOX3(466-508),43,1,0.3488372093023256,0.20930232558139536,
mO_028(IV)_gA6_v1(65-105),41,0,0.2926829268292683,0.2926829268292683,
mO_028(IV)_gA6_v2(65-105),41,0,0.2926829268292683,0.2926829268292683,
mO_029(II)_gA6_v1(409-447),39,1,0.1282051282051282,0.3333333333333333,
mO_029(II)_gA6_v2(409-447),39,1,0.1282051282051282,0.3333333333333333,
mO_029(IV)_gND7(455-494),40,2,0.275,0.325,
mO_030(I)_gND8_v1(374-404),31,1,0.3548387096774194,0.3225806451612903,
mO_030(II)_gCR4(456-495),40,0,0.225,0.275,
mO_030(IV)_gA6_v1(357-392),36,0,0.3055555555555556,0.25,
mO_030(IV)_gA6_v2(357-392),36,0,0.3055555555555556,0.25,
mO_031(I)_gCR4(352-395),44,1,0.18181818181818182,0.25,
mO_031(II)_gND7(1025-1066),42,2,0.2857142857142857,0.2857142857142857,
mO_031(IV)_gCR4(290-327),38,0,0.15789473684210525,0.2894736842105263,
mO_032(II)_gND7(641-682),42,1,0.30952380952380953,0.2619047619047619,
mO_032(IV)_gND7(842-884),43,1,0.27906976744186046,0.3023255813953488,
mO_033(I)_gCR3(111-137),27,0,0.1111111111111111,0.37037037037037035,
mO_033(II)_gND8_v2(491-531),41,1,0.2682926829268293,0.2682926829268293,
mO_033(IV)_gA6_v1(354-397),44,0,0.3181818181818182,0.22727272727272727,
mO_033(IV)_gA6_v2(354-397),44,0,0.3181818181818182,0.22727272727272727,
mO_033(V)_gND7(1034-1072),39,0,0.23076923076923078,0.28205128205128205,
mO_034(II)_gCOX3(120-158),39,1,0.2564102564102564,0.2564102564102564,
mO_034(IV)_gND7(116-160),45,1,0.28888888888888886,0.2222222222222222,
mO_035(IV)_gRPS12(55-97),43,1,0.27906976744186046,0.2558139534883721,
mO_036(II)_gA6_v1(619-651),33,1,0.24242424242424243,0.3333333333333333,
mO_036(II)_gA6_v2(619-651),33,1,0.24242424242424243,0.3333333333333333,
mO_036(V)_gND7(872-912),41,0,0.0975609756097561,0.3170731707317073,
mO_037(IV)_gCR3(84-120),37,0,0.13513513513513514,0.35135135135135137,
mO_038(I)_gND9(468-496),29,0,0.27586206896551724,0.1724137931034483,
mO_038(II)_gCOX3(129-158),30,0,0.16666666666666666,0.36666666666666664,
mO_039(III)_gA6_v1(141-186),46,1,0.2391304347826087,0.21739130434782608,
mO_039(III)_gA6_v2(141-186),46,1,0.2391304347826087,0.21739130434782608,
mO_040(I)_gCOX3(217-247),31,0,0.22580645161290322,0.3548387096774194,
mO_040(II)_gCOX3(789-818),30,0,0.13333333333333333,0.36666666666666664,
mO_040(IV)_gND7(116-157),42,1,0.2619047619047619,0.2857142857142857,
mO_041(II)_gND8_v1(94-135),42,0,0.16666666666666666,0.3333333333333333,
mO_041(II)_gND8_v2(94-135),42,0,0.16666666666666666,0.3333333333333333,
mO_042(II)_gND9(60-99),40,0,0.2,0.275,
mO_043(I)_gCOX3(383-421),39,0,0.20512820512820512,0.3333333333333333,
mO_043(II)_gND8_v1(92-137),46,0,0.17391304347826086,0.2608695652173913,
mO_043(II)_gND8_v2(92-137),46,0,0.17391304347826086,0.2608695652173913,
mO_043(IV)_gND8_v1(270-304),35,1,0.3142857142857143,0.3142857142857143,
mO_043(IV)_gND8_v2(270-304),35,1,0.3142857142857143,0.3142857142857143,
mO_044(II)_gND7(333-373),41,1,0.3170731707317073,0.2926829268292683,
mO_044(IV)_gND7(144-183),40,0,0.275,0.35,
mO_045(II)_gRPS12(90-126),37,0,0.2972972972972973,0.35135135135135137,
mO_045(Orphan)_gCYB(33-61),29,0,0.27586206896551724,0.3793103448275862,
mO_045(IV)_gND3(155-201),47,0,0.3829787234042553,0.2553191489361702,
mO_046(I)_gCR3(125-163),39,0,0.1794871794871795,0.3076923076923077,
mO_046(II)_gCOX3(457-495),39,0,0.23076923076923078,0.23076923076923078,
mO_046(IV)_gCOX3(747-788),42,0,0.23809523809523808,0.2619047619047619,
mO_047(I)_gCOX3(301-336),36,1,0.25,0.3055555555555556,
mO_047(II)_gND7(988-1018),31,2,0.3870967741935484,0.3548387096774194,
mO_047(IV)_gCOX3(379-408),30,1,0.16666666666666666,0.36666666666666664,
mO_048(I)_gCOX3(428-472),45,0,0.2222222222222222,0.24444444444444444,
mO_048(IV)_gA6_v1(65-107),43,0,0.2558139534883721,0.3023255813953488,
mO_048(IV)_gA6_v2(65-107),43,0,0.2558139534883721,0.3023255813953488,
mO_049(II)_gND7(1187-1226),40,0,0.325,0.3,
mO_049(V)_gND9(525-568),44,1,0.38636363636363635,0.22727272727272727,
mO_050(I)_gA6_v2(382-425),44,1,0.18181818181818182,0.3181818181818182,
mO_050(I)_gA6_v1(382-425),44,1,0.18181818181818182,0.3181818181818182,
mO_050(II)_gCOX3(338-378),41,0,0.21951219512195122,0.24390243902439024,
mO_051(II)_gND7(589-631),43,1,0.32558139534883723,0.2558139534883721,
mO_051(V)_gCOX3(52-90),39,0,0.23076923076923078,0.28205128205128205,
mO_052(II)_gCR4(456-498),43,0,0.23255813953488372,0.27906976744186046,
mO_052(IV)_gND8_v1(459-506),48,1,0.2708333333333333,0.2708333333333333,
mO_052(IV)_gND8_v2(458-505),48,1,0.2708333333333333,0.2708333333333333,
mO_053(I)_gND9(296-339),44,0,0.13636363636363635,0.3181818181818182,
mO_053(II)_gND7(499-541),43,0,0.27906976744186046,0.27906976744186046,
mO_053(IV)_gND8_v1(265-308),44,1,0.3409090909090909,0.29545454545454547,
mO_053(IV)_gND8_v2(265-308),44,1,0.3409090909090909,0.29545454545454547,
mO_054(I)_gCR3(126-167),42,0,0.19047619047619047,0.2619047619047619,
mO_054(II)_gA6_v1(628-665),38,0,0.2894736842105263,0.3684210526315789,
mO_054(II)_gA6_v2(628-665),38,0,0.2894736842105263,0.3684210526315789,
mO_054(IV)_gND7(714-753),40,1,0.325,0.25,
mO_054(V)_gCOX3(558-605),48,0,0.25,0.2708333333333333,
mO_055(II)_gA6_v1(135-179),45,0,0.2222222222222222,0.24444444444444444,
mO_055(II)_gA6_v2(135-179),45,0,0.2222222222222222,0.24444444444444444,
mO_056(I)_gCR4(65-94),30,0,0.16666666666666666,0.3,
mO_056(II)_gND7(275-315),41,1,0.24390243902439024,0.2682926829268293,
mO_056(IV)_gCOX3(654-687),34,0,0.23529411764705882,0.38235294117647056,
mO_057(II)_gND7(1026-1066),41,1,0.24390243902439024,0.2926829268292683,
mO_057(IV)_gRPS12(158-197),40,1,0.25,0.325,
mO_058(I)_gA6_v2(509-547),39,1,0.1794871794871795,0.20512820512820512,
mO_058(I)_gA6_v1(509-547),39,1,0.1794871794871795,0.20512820512820512,
mO_058(II)_gND7(681-711),31,0,0.1935483870967742,0.3870967741935484,
mO_058(IV)_gND7(731-777),47,1,0.2978723404255319,0.2553191489361702,
mO_059(II)_gND9(431-465),35,0,0.22857142857142856,0.34285714285714286,
mO_059(V)_gND7(743-783),41,0,0.2926829268292683,0.24390243902439024,
mO_060(I)_gA6_v2(244-289),46,1,0.2826086956521739,0.2826086956521739,
mO_060(I)_gA6_v1(244-289),46,1,0.2826086956521739,0.2826086956521739,
mO_060(Orphan)_gCR4(264-302),39,1,0.10256410256410256,0.3333333333333333,
mO_060(IV)_gND3(124-162),39,0,0.1794871794871795,0.38461538461538464,
mO_060(V)_gND7(390-432),43,1,0.3488372093023256,0.27906976744186046,
mO_061(I)_gRPS12(121-155),35,1,0.37142857142857144,0.3142857142857143,
mO_061(II)_gRPS12(149-196),48,0,0.2708333333333333,0.3333333333333333,
mO_061(IV)_gA6_v1(656-695),40,1,0.3,0.325,
mO_061(IV)_gA6_v2(656-695),40,1,0.3,0.325,
mO_061(V)_gND8_v1(161-199),39,1,0.28205128205128205,0.2564102564102564,
mO_061(V)_gND8_v2(161-199),39,1,0.28205128205128205,0.2564102564102564,
mO_062(II)_gND7(1025-1065),41,2,0.24390243902439024,0.2926829268292683,
mO_062(IV)_gND9(29-71),43,1,0.2558139534883721,0.2558139534883721,
mO_063(II)_gCR4(418-463),46,0,0.10869565217391304,0.2826086956521739,
mO_063(IV)_gND7(1051-1091),41,0,0.24390243902439024,0.34146341463414637,
mO_064(I)_gRPS12(185-228),44,1,0.20454545454545456,0.3181818181818182,
mO_064(II)_gND7(100-129),30,1,0.26666666666666666,0.26666666666666666,
mO_065(I)_gCOX3(711-746),36,1,0.19444444444444445,0.3333333333333333,
mO_065(II)_gND3(218-257),40,0,0.275,0.275,
mO_066(II)_gCOX3(684-726),43,0,0.2558139534883721,0.32558139534883723,
mO_066(IV)_gND7(1130-1175),46,0,0.2826086956521739,0.2826086956521739,
mO_067(II)_gND3(392-426),35,0,0.22857142857142856,0.2571428571428571,
mO_067(II)_gCOX3(321-365),45,0,0.28888888888888886,0.24444444444444444,
mO_067(IV)_gCOX3(894-936),43,1,0.2558139534883721,0.2558139534883721,
mO_068(IV)_gCR3(84-124),41,0,0.14634146341463414,0.2926829268292683,
mO_069(I)_gCOX3(606-631),26,0,0.3076923076923077,0.3076923076923077,
mO_069(II)_gND7(1073-1116),44,1,0.2727272727272727,0.29545454545454547,
mO_069(IV)_gND7(120-160),41,0,0.2926829268292683,0.24390243902439024,
mO_070(I)_gND7(968-1008),41,0,0.3170731707317073,0.24390243902439024,
mO_070(II)_gCR4(324-371),48,1,0.14583333333333334,0.2916666666666667,
mO_070(IV)_gND7(309-350),42,1,0.30952380952380953,0.2619047619047619,
mO_071(I)_gCOX3(519-565),47,1,0.2127659574468085,0.2765957446808511,
mO_071(II)_gND7(667-711),45,0,0.28888888888888886,0.26666666666666666,
mO_073(II)_gND8_v1(189-226),38,0,0.2631578947368421,0.34210526315789475,
mO_073(II)_gND8_v2(189-226),38,0,0.2631578947368421,0.34210526315789475,
mO_073(IV)_gRPS12(253-284),32,0,0.3125,0.3125,
mO_074(IV)_gND8_v1(401-434),34,1,0.3235294117647059,0.2647058823529412,
mO_074(IV)_gND8_v2(400-433),34,1,0.3235294117647059,0.2647058823529412,
mO_074(V)_gND9(491-532),42,0,0.2857142857142857,0.2619047619047619,
mO_075(IV)_gND7(919-960),42,0,0.3333333333333333,0.2857142857142857,
mO_076(I)_gND8_v1(118-150),33,0,0.30303030303030304,0.3333333333333333,
mO_076(I)_gND8_v2(118-150),33,0,0.30303030303030304,0.3333333333333333,
mO_076(II)_gCOX3(354-393),40,0,0.225,0.3,
mO_076(IV)_gCOX3(261-299),39,1,0.2564102564102564,0.358974358974359,
mO_077(II)_gND9(60-100),41,0,0.1951219512195122,0.36585365853658536,
mO_077(IV)_gND7(1105-1146),42,0,0.2619047619047619,0.3333333333333333,
mO_078(I)_gCR4(21-60),40,0,0.225,0.3,
mO_078(II)_gCR4(144-186),43,0,0.20930232558139536,0.32558139534883723,
mO_079(I)_gND8_v2(188-226),39,0,0.23076923076923078,0.3333333333333333,
mO_079(I)_gND8_v1(188-226),39,0,0.23076923076923078,0.3333333333333333,
mO_079(II)_gND7(279-320),42,1,0.23809523809523808,0.3333333333333333,
mO_079(IV)_gCR3(232-274),43,1,0.3023255813953488,0.3023255813953488,
mO_080(II)_gRPS12(235-266),32,0,0.3125,0.34375,
mO_080(IV)_gRPS12(187-232),46,1,0.2608695652173913,0.32608695652173914,
mO_080(V)_gCOX3(666-709),44,1,0.25,0.25,
mO_081(I)_gCOX3(498-535),38,1,0.2631578947368421,0.2894736842105263,
mO_082(I)_gCR4(480-523),44,2,0.2727272727272727,0.2727272727272727,
mO_082(II)_gCOX3(868-909),42,0,0.2619047619047619,0.30952380952380953,
mO_082(IV)_gCOX3(75-105),31,1,0.1935483870967742,0.3870967741935484,
mO_084(II)_gCOX3(130-169),40,0,0.2,0.325,
mO_084(IV)_gND9(374-416),43,0,0.27906976744186046,0.2558139534883721,
mO_084(V)_gND9(491-533),43,0,0.3023255813953488,0.23255813953488372,
mO_085(I)_gCR4(384-426),43,0,0.16279069767441862,0.23255813953488372,
mO_085(V)_gND7(1035-1072),38,1,0.23684210526315788,0.3157894736842105,
mO_086(I)_gA6_v2(508-547),40,0,0.15,0.25,
mO_086(I)_gA6_v1(508-547),40,0,0.15,0.25,
mO_086(III)_gCOX3(528-566),39,0,0.15384615384615385,0.3333333333333333,
mO_086(IV)_gND7(397-437),41,1,0.2926829268292683,0.3170731707317073,
mO_086(V)_gRPS12(29-71),43,0,0.3023255813953488,0.27906976744186046,
mO_087(II)_gA6_v1(34-60),27,1,0.18518518518518517,0.25925925925925924,
mO_087(II)_gA6_v2(34-60),27,1,0.18518518518518517,0.25925925925925924,
mO_087(V)_gCOX3(46-76),31,0,0.22580645161290322,0.2903225806451613,
mO_088(I)_gCOX3(385-423),39,0,0.23076923076923078,0.38461538461538464,
mO_088(II)_gND8_v1(92-135),44,0,0.18181818181818182,0.2727272727272727,
mO_088(II)_gND8_v2(92-135),44,0,0.18181818181818182,0.2727272727272727,
mO_088(V)_gND8_v1(269-302),34,2,0.35294117647058826,0.3235294117647059,
mO_088(V)_gND8_v2(269-302),34,2,0.35294117647058826,0.3235294117647059,
mO_089(V)_gCOX3(837-873),37,1,0.2702702702702703,0.2702702702702703,
mO_090(I)_gCR3(125-168),44,0,0.20454545454545456,0.22727272727272727,
mO_090(II)_gA6_v1(628-661),34,0,0.35294117647058826,0.3235294117647059,
mO_090(II)_gA6_v2(628-661),34,0,0.35294117647058826,0.3235294117647059,
mO_090(IV)_gA6_v1(564-604),41,0,0.14634146341463414,0.3170731707317073,
mO_090(IV)_gA6_v2(564-604),41,0,0.14634146341463414,0.3170731707317073,
mO_091(II)_gRPS12(224-264),41,1,0.2926829268292683,0.2926829268292683,
mO_091(V)_gND9(491-530),40,0,0.275,0.25,
mO_092(I)_gA6_v2(108-151),44,3,0.3409090909090909,0.22727272727272727,
mO_092(I)_gA6_v1(108-151),44,3,0.3409090909090909,0.22727272727272727,
mO_093(I)_gND8_v2(330-367),38,1,0.23684210526315788,0.3684210526315789,
mO_093(I)_gND8_v1(330-367),38,1,0.23684210526315788,0.3684210526315789,
mO_093(IV)_gCOX3(96-122),27,0,0.2222222222222222,0.4074074074074074,
mO_094(II)_gND7(477-517),34,1,0.35294117647058826,0.29411764705882354,
mO_094(IV)_gND8_v1(330-364),35,1,0.2571428571428571,0.37142857142857144,
mO_094(IV)_gND8_v2(330-364),35,1,0.2571428571428571,0.37142857142857144,
mO_095(II)_gND7(1187-1229),43,0,0.32558139534883723,0.3023255813953488,
mO_095(V)_gND9(525-568),44,1,0.4090909090909091,0.25,
mO_096(II)_gRPS12(159-199),41,0,0.1951219512195122,0.36585365853658536,
mO_096(V)_gRPS12(250-292),43,0,0.3488372093023256,0.27906976744186046,
mO_097(I)_gCR4(190-214),25,0,0.12,0.32,
mO_097(V)_gND9(527-566),40,0,0.3,0.3,
mO_098(I)_gCOX3(614-658),45,0,0.3111111111111111,0.24444444444444444,
mO_098(II)_gA6_v1(413-447),35,0,0.17142857142857143,0.3142857142857143,
mO_098(II)_gA6_v2(413-447),35,0,0.17142857142857143,0.3142857142857143,
mO_098(IV)_gND7(844-869),26,1,0.4230769230769231,0.23076923076923078,
mO_098(V)_gND7(1105-1146),42,0,0.23809523809523808,0.38095238095238093,
mO_099(I)_gCOX3(614-658),45,0,0.3111111111111111,0.28888888888888886,
mO_099(II)_gA6_v1(413-452),40,0,0.175,0.35,
mO_099(II)_gA6_v2(413-452),40,0,0.175,0.35,
mO_099(IV)_gND7(844-879),36,1,0.3333333333333333,0.25,
mO_099(V)_gND7(1105-1146),42,0,0.2857142857142857,0.30952380952380953,
mO_100(I)_gCOX3(387-427),41,0,0.24390243902439024,0.2926829268292683,
mO_100(II)_gCOX3(342-386),45,0,0.2222222222222222,0.24444444444444444,
mO_100(IV)_gCR4(384-423),40,0,0.15,0.275,
mO_101(I)_gND9(557-589),33,0,0.24242424242424243,0.3333333333333333,
mO_101(IV)_gCR3(43-84),42,0,0.19047619047619047,0.30952380952380953,
mO_102(I)_gCR4(477-518),42,0,0.30952380952380953,0.2619047619047619,
mO_102(II)_gCOX3(868-908),41,0,0.3170731707317073,0.1951219512195122,
mO_102(IV)_gCOX3(73-101),29,0,0.1724137931034483,0.3448275862068966,
mO_103(I)_gCOX3(152-188),37,0,0.1891891891891892,0.2972972972972973,
mO_103(II)_gND9(517-554),38,0,0.3684210526315789,0.23684210526315788,
mO_103(IV)_gCOX3(639-676),38,2,0.2894736842105263,0.2631578947368421,
mO_104(I)_gCOX3(524-564),41,0,0.14634146341463414,0.34146341463414637,
mO_104(II)_gRPS12(144-186),43,1,0.3023255813953488,0.2558139534883721,
mO_105(IV)_gCR3(81-119),39,0,0.15384615384615385,0.3076923076923077,
mO_106(II)_gRPS12(235-265),31,0,0.2903225806451613,0.3225806451612903,
mO_106(IV)_gRPS12(187-230),44,1,0.22727272727272727,0.3409090909090909,
mO_107(II)_gCOX3(352-389),38,0,0.15789473684210525,0.3157894736842105,
mO_107(IV)_gRPS12(167-198),32,0,0.25,0.3125,
mO_108(IV)_gA6_v1(295-340),46,1,0.1956521739130435,0.2608695652173913,
mO_108(IV)_gA6_v2(295-340),46,1,0.1956521739130435,0.2608695652173913,
mO_109(III)_gA6_v1(217-259),43,0,0.3023255813953488,0.27906976744186046,
mO_109(III)_gA6_v2(217-259),43,0,0.3023255813953488,0.27906976744186046,
mO_109(IV)_gA6_v1(141-185),45,1,0.2222222222222222,0.28888888888888886,
mO_109(IV)_gA6_v2(141-185),45,1,0.2222222222222222,0.28888888888888886,
mO_110(I)_gND8_v2(62-111),50,0,0.14,0.2,
mO_110(I)_gND8_v1(62-111),50,0,0.14,0.2,
mO_110(II)_gND7(996-1034),39,1,0.3333333333333333,0.3333333333333333,
mO_110(Orphan)_gND7(231-256),26,0,0.2692307692307692,0.3076923076923077,
mO_110(IV)_gND7(746-787),42,1,0.2619047619047619,0.2857142857142857,
mO_111(I)_gND9(199-246),48,0,0.2708333333333333,0.2708333333333333,
mO_111(II)_gA6_v1(530-576),47,0,0.14893617021276595,0.2765957446808511,
mO_111(II)_gA6_v2(530-576),47,0,0.14893617021276595,0.2765957446808511,
mO_111(IV)_gA6_v1(200-234),35,1,0.17142857142857143,0.34285714285714286,
mO_111(IV)_gA6_v2(200-234),35,1,0.17142857142857143,0.34285714285714286,
mO_112(IV)_gCR3(232-274),43,1,0.32558139534883723,0.27906976744186046,
mO_113(I)_gCR3(154-196),43,1,0.2558139534883721,0.27906976744186046,
mO_113(II)_gCOX3(769-811),43,0,0.2558139534883721,0.3023255813953488,
mO_114(I)_gCR4(305-332),28,0,0.14285714285714285,0.42857142857142855,
mO_114(II)_gCOX3(776-822),46,0,0.1956521739130435,0.2826086956521739,
mO_114(IV)_gCOX3(185-224),40,2,0.1,0.35,
mO_114(V)_gND3(280-324),45,0,0.2,0.26666666666666666,
mO_115(I)_gCOX3(435-470),36,0,0.2222222222222222,0.3333333333333333,
mO_115(II)_gCR4(514-556),43,0,0.32558139534883723,0.27906976744186046,
mO_115(IV)_gCOX3(235-277),43,1,0.27906976744186046,0.20930232558139536,
mO_116(I)_gCOX3(406-448),43,0,0.20930232558139536,0.27906976744186046,
mO_116(II)_gCR4(116-153),38,0,0.07894736842105263,0.42105263157894735,
mO_116(IV)_gA6_v1(224-272),49,0,0.3469387755102041,0.24489795918367346,
mO_116(IV)_gA6_v2(224-272),49,0,0.3469387755102041,0.24489795918367346,
mO_117(IV)_gND7(917-947),31,1,0.41935483870967744,0.3225806451612903,
mO_118(IV)_gND7(34-69),36,0,0.16666666666666666,0.3611111111111111,
mO_119(I)_gND8_v1(124-171),48,0,0.2916666666666667,0.2708333333333333,
mO_119(I)_gND8_v2(124-171),48,0,0.2916666666666667,0.2708333333333333,
mO_119(II)_gND7(111-143),33,0,0.2727272727272727,0.30303030303030304,
mO_119(IV)_gRPS12(193-230),38,0,0.23684210526315788,0.3157894736842105,
mO_119(V)_gCOX3(665-703),39,2,0.2564102564102564,0.3076923076923077,
mO_120(I)_gA6_v2(258-294),37,0,0.21621621621621623,0.2972972972972973,
mO_120(I)_gA6_v1(258-294),37,0,0.21621621621621623,0.2972972972972973,
mO_120(IV)_gND3(139-166),28,1,0.14285714285714285,0.39285714285714285,
mO_121(II)_gND7(1026-1066),41,1,0.1951219512195122,0.34146341463414637,
mO_121(IV)_gRPS12(158-197),40,1,0.25,0.325,
mO_122(II)_gRPS12(150-188),39,0,0.28205128205128205,0.28205128205128205,
mO_123(I)_gCOX3(406-448),43,0,0.20930232558139536,0.2558139534883721,
mO_123(II)_gCR4(114-153),40,0,0.125,0.35,
mO_123(V)_gA6_v1(224-272),49,0,0.3673469387755102,0.20408163265306123,
mO_123(V)_gA6_v2(224-272),49,0,0.3673469387755102,0.20408163265306123,
mO_124(I)_gRPS12(71-111),41,0,0.21951219512195122,0.21951219512195122,
mO_124(II)_gND7(308-348),41,2,0.3170731707317073,0.2926829268292683,
mO_124(IV)_gCR4(49-93),45,2,0.2,0.28888888888888886,
mO_124(V)_gCOX3(839-881),43,0,0.23255813953488372,0.23255813953488372,
mO_125(I)_gND7(641-683),43,1,0.2558139534883721,0.27906976744186046,
mO_125(II)_gCR4(323-370),48,2,0.1875,0.25,
mO_125(IV)_gND7(140-180),41,2,0.2926829268292683,0.24390243902439024,
mO_126(I)_gND9(295-337),43,0,0.11627906976744186,0.3488372093023256,
mO_126(II)_gND9(174-214),41,0,0.1951219512195122,0.2682926829268293,
mO_126(IV)_gCOX3(638-679),42,3,0.30952380952380953,0.2857142857142857,
mO_127(I)_gCOX3(501-538),38,0,0.23684210526315788,0.2631578947368421,
mO_127(Orphan)_gCYB(50-92),43,0,0.23255813953488372,0.3488372093023256,
mO_127(IV)_gCR3(56-94),39,0,0.1794871794871795,0.3076923076923077,
mO_128(I)_gCOX3(301-330),30,1,0.2,0.43333333333333335,
mO_128(II)_gRPS12(90-126),37,0,0.32432432432432434,0.32432432432432434,
mO_128(IV)_gCR3(154-197),44,1,0.25,0.2727272727272727,
mO_129(I)_gRPS12(277-308),32,1,0.4375,0.21875,
mO_129(II)_gCOX3(460-508),49,0,0.30612244897959184,0.30612244897959184,
mO_130(I)_gCOX3(501-537),37,0,0.21621621621621623,0.2972972972972973,
mO_130(Orphan)_gCYB(52-93),42,0,0.2857142857142857,0.2619047619047619,
mO_130(IV)_gCR3(57-92),36,0,0.16666666666666666,0.3333333333333333,
mO_131(I)_gCR3(190-233),44,1,0.20454545454545456,0.29545454545454547,
mO_131(II)_gND8_v1(429-468),40,1,0.2,0.375,
mO_131(II)_gND8_v2(428-467),40,1,0.2,0.375,
mO_131(IV)_gND7(773-809),37,1,0.2972972972972973,0.2702702702702703,
mO_132(I)_gCOX3(270-304),35,0,0.2857142857142857,0.2857142857142857,
mO_132(V)_gA6_v1(224-272),49,0,0.2857142857142857,0.24489795918367346,
mO_132(V)_gA6_v2(224-272),49,0,0.2857142857142857,0.24489795918367346,
mO_133(I)_gCR3(123-162),40,0,0.175,0.275,
mO_133(II)_gA6_v1(628-670),43,0,0.3488372093023256,0.2558139534883721,
mO_133(II)_gA6_v2(628-670),43,0,0.3488372093023256,0.2558139534883721,
mO_133(IV)_gA6_v1(558-599),42,0,0.21428571428571427,0.2619047619047619,
mO_133(IV)_gA6_v2(558-599),42,0,0.21428571428571427,0.2619047619047619,
mO_134(I)_gND8_v2(379-404),26,1,0.2692307692307692,0.2692307692307692,
mO_134(I)_gND8_v1(375-405),31,0,0.2903225806451613,0.2903225806451613,
mO_134(II)_gCR4(454-498),45,0,0.24444444444444444,0.24444444444444444,
mO_134(IV)_gND8_v1(461-506),46,0,0.21739130434782608,0.2826086956521739,
mO_134(IV)_gND8_v2(460-505),46,0,0.21739130434782608,0.2826086956521739,
mO_135(II)_gCOX3(672-714),43,1,0.27906976744186046,0.20930232558139536,
mO_135(IV)_gND7(1133-1176),44,0,0.3409090909090909,0.22727272727272727,
mO_136(I)_gCR4(385-426),42,0,0.16666666666666666,0.23809523809523808,
mO_136(II)_gRPS12(88-131),44,0,0.29545454545454547,0.38636363636363635,
mO_136(IV)_gND3(340-378),39,1,0.358974358974359,0.28205128205128205,
mO_137(I)_gND9(296-339),44,0,0.1590909090909091,0.29545454545454547,
mO_137(II)_gND7(506-541),36,0,0.3055555555555556,0.3333333333333333,
mO_137(IV)_gA6_v1(287-328),42,1,0.23809523809523808,0.2619047619047619,
mO_137(IV)_gA6_v2(287-328),42,1,0.23809523809523808,0.2619047619047619,
mO_137(V)_gND9(36-72),37,0,0.24324324324324326,0.21621621621621623,
mO_138(I)_gND9(210-250),41,1,0.21951219512195122,0.3170731707317073,
mO_138(II)_gCOX3(761-800),40,0,0.275,0.3,
mO_138(V)_gND7(620-658),39,1,0.23076923076923078,0.41025641025641024,
mO_139(I)_gCR4(81-124),44,1,0.2727272727272727,0.2727272727272727,
mO_139(II)_gCOX3(684-724),41,0,0.24390243902439024,0.3170731707317073,
mO_140(I)_gA6_v2(258-298),41,0,0.24390243902439024,0.2682926829268293,
mO_140(I)_gA6_v1(258-298),41,0,0.24390243902439024,0.2682926829268293,
mO_140(II)_gCR4(229-277),49,0,0.2653061224489796,0.24489795918367346,
mO_140(IV)_gND7(810-845),36,0,0.2777777777777778,0.3055555555555556,
mO_141(I)_gND7(641-683),43,1,0.2558139534883721,0.23255813953488372,
mO_141(II)_gCR4(317-370),54,0,0.18518518518518517,0.25925925925925924,
mO_141(IV)_gND7(140-175),36,2,0.3333333333333333,0.2777777777777778,
mO_142(IV)_gND7(359-401),43,0,0.3023255813953488,0.2558139534883721,
mO_142(V)_gND7(876-924),49,0,0.20408163265306123,0.20408163265306123,
mO_143(I)_gCR3(158-200),43,2,0.2558139534883721,0.27906976744186046,
mO_143(II)_gCOX3(807-849),43,1,0.27906976744186046,0.3023255813953488,
mO_143(IV)_gCR4(203-245),43,0,0.32558139534883723,0.2558139534883721,
mO_144(II)_gRPS12(153-194),42,1,0.2857142857142857,0.30952380952380953,
mO_144(IV)_gND8_v1(161-202),42,1,0.2857142857142857,0.3333333333333333,
mO_144(IV)_gND8_v2(161-202),42,1,0.2857142857142857,0.3333333333333333,
mO_145(I)_gCR3(192-231),40,0,0.2,0.3,
mO_145(II)_gND8_v1(425-470),46,1,0.30434782608695654,0.2608695652173913,
mO_145(II)_gND8_v2(424-469),46,1,0.30434782608695654,0.2608695652173913,
mO_145(IV)_gND7(778-822),45,2,0.26666666666666666,0.28888888888888886,
mO_146(I)_gRPS12(234-260),27,0,0.18518518518518517,0.37037037037037035,
mO_146(II)_gND7(581-606),26,0,0.23076923076923078,0.34615384615384615,
mO_146(IV)_gCOX3(553-593),41,0,0.21951219512195122,0.3170731707317073,
mO_147(III)_gA6_v1(217-260),44,0,0.29545454545454547,0.25,
mO_147(III)_gA6_v2(217-260),44,0,0.29545454545454547,0.25,
mO_147(IV)_gA6_v1(138-185),48,0,0.22916666666666666,0.2708333333333333,
mO_147(IV)_gA6_v2(138-185),48,0,0.22916666666666666,0.2708333333333333,
mO_148(I)_gCOX3(153-192),40,0,0.2,0.325,
mO_148(IV)_gCOX3(637-676),40,4,0.325,0.3,
mO_150(I)_gCR4(481-523),43,1,0.27906976744186046,0.27906976744186046,
mO_150(II)_gCOX3(873-910),38,0,0.2631578947368421,0.2631578947368421,
mO_150(IV)_gA6_v1(103-130),28,2,0.2857142857142857,0.21428571428571427,
mO_150(IV)_gA6_v2(103-130),28,2,0.2857142857142857,0.21428571428571427,
mO_151(I)_gCOX3(102-138),37,0,0.1891891891891892,0.2972972972972973,
mO_151(II)_gCR4(429-470),42,0,0.16666666666666666,0.2619047619047619,
mO_151(IV)_gND7(527-577),51,0,0.27450980392156865,0.21568627450980393,
mO_152(I)_gND8_v1(42-71),30,0,0.1,0.23333333333333334,
mO_152(I)_gND8_v2(42-71),30,0,0.1,0.23333333333333334,
mO_152(IV)_gA6_v1(75-102),28,0,0.25,0.2857142857142857,
mO_152(IV)_gA6_v2(75-102),28,0,0.25,0.2857142857142857,
mO_154(I)_gCOX3(706-749),44,1,0.25,0.29545454545454547,
mO_154(II)_gND3(218-260),43,0,0.27906976744186046,0.2558139534883721,
mO_154(IV)_gND9(147-191),45,0,0.17777777777777778,0.2,
mO_155(II)_gND7(593-633),41,0,0.3170731707317073,0.2682926829268293,
mO_155(IV)_gCOX3(176-218),43,1,0.20930232558139536,0.27906976744186046,
mO_156(I)_gND8_v2(237-275),39,0,0.3076923076923077,0.28205128205128205,
mO_156(I)_gND8_v1(237-275),39,0,0.3076923076923077,0.28205128205128205,
mO_156(V)_gCOX3(34-64),31,0,0.12903225806451613,0.3225806451612903,
mO_157(II)_gCOX3(459-500),42,0,0.30952380952380953,0.2619047619047619,
mO_158(I)_gCOX3(427-470),44,0,0.25,0.2727272727272727,
mO_158(II)_gCOX3(462-512),49,1,0.3469387755102041,0.22448979591836735,
mO_158(IV)_gA6_v1(65-105),41,0,0.3170731707317073,0.2926829268292683,
mO_158(IV)_gA6_v2(65-105),41,0,0.3170731707317073,0.2926829268292683,
mO_159(I)_gA6_v2(474-514),41,0,0.24390243902439024,0.36585365853658536,
mO_159(I)_gA6_v1(474-514),41,0,0.24390243902439024,0.36585365853658536,
mO_159(II)_gCR4(87-129),43,1,0.2558139534883721,0.23255813953488372,
mO_159(IV)_gND7(704-747),44,0,0.3181818181818182,0.29545454545454547,
mO_159(V)_gCOX3(49-88),40,1,0.25,0.275,
mO_160(I)_gND9(210-246),37,1,0.24324324324324326,0.2972972972972973,
mO_160(II)_gCOX3(761-800),40,0,0.275,0.3,
mO_160(IV)_gCOX3(925-963),39,0,0.3076923076923077,0.3076923076923077,
mO_160(V)_gND7(620-658),39,1,0.28205128205128205,0.3076923076923077,
mO_161(II)_gND7(1012-1042),31,0,0.3870967741935484,0.22580645161290322,
mO_162(II)_gCOX3(351-391),41,0,0.17073170731707318,0.34146341463414637,
mO_162(IV)_gRPS12(167-199),33,0,0.24242424242424243,0.2727272727272727,
mO_163(I)_gND8_v2(119-154),36,1,0.3055555555555556,0.3611111111111111,
mO_163(I)_gND8_v1(119-154),36,1,0.3055555555555556,0.3611111111111111,
mO_163(IV)_gND8_v1(449-477),29,0,0.1724137931034483,0.3448275862068966,
mO_163(IV)_gND8_v2(448-476),29,0,0.1724137931034483,0.3448275862068966,
mO_163(V)_gND7(811-862),52,2,0.3076923076923077,0.3076923076923077,
mO_164(II)_gND3(392-426),35,0,0.2,0.3142857142857143,
mO_164(II)_gCOX3(320-365),46,0,0.2608695652173913,0.30434782608695654,
mO_164(IV)_gND9(350-387),38,2,0.23684210526315788,0.2894736842105263,
mO_164(V)_gA6_v1(661-700),40,2,0.35,0.25,
mO_164(V)_gA6_v2(661-700),40,2,0.35,0.25,
mO_165(II)_gCR4(384-426),43,0,0.13953488372093023,0.2558139534883721,
mO_165(IV)_gCR3(84-124),41,0,0.1951219512195122,0.2926829268292683,
mO_166(II)_gND3(108-136),29,0,0.20689655172413793,0.27586206896551724,
mO_166(IV)_gRPS12(43-76),34,0,0.17647058823529413,0.35294117647058826,
mO_167(II)_gCOX3(606-650),45,0,0.3111111111111111,0.28888888888888886,
mO_167(IV)_gND8_v1(413-449),37,0,0.2972972972972973,0.2972972972972973,
mO_167(IV)_gND8_v2(412-448),37,0,0.2972972972972973,0.2972972972972973,
mO_168(I)_gCOX3(606-650),45,0,0.28888888888888886,0.3111111111111111,
mO_168(II)_gND7(1073-1117),45,1,0.28888888888888886,0.28888888888888886,
mO_168(IV)_gND7(27-65),39,2,0.28205128205128205,0.3076923076923077,
mO_169(I)_gCR4(480-523),44,2,0.29545454545454547,0.25,
mO_169(II)_gCOX3(868-909),42,0,0.2619047619047619,0.2619047619047619,
mO_169(IV)_gCOX3(75-115),41,1,0.1951219512195122,0.2926829268292683,
mO_170(III)_gND7(1160-1200),41,1,0.3170731707317073,0.3170731707317073,
mO_170(IV)_gND9(115-159),45,1,0.17777777777777778,0.26666666666666666,
mO_171(II)_gA6_v1(540-581),42,0,0.14285714285714285,0.2619047619047619,
mO_171(II)_gA6_v2(540-581),42,0,0.14285714285714285,0.2619047619047619,
mO_171(IV)_gA6_v1(191-237),47,0,0.2553191489361702,0.23404255319148937,
mO_171(IV)_gA6_v2(191-237),47,0,0.2553191489361702,0.23404255319148937,
mO_171(V)_gCOX3(558-596),39,0,0.28205128205128205,0.23076923076923078,
mO_172(I)_gCOX3(322-362),41,1,0.2682926829268293,0.2682926829268293,
mO_172(II)_gND3(248-294),47,0,0.2127659574468085,0.2553191489361702,
mO_172(IV)_gND3(32-76),45,1,0.2222222222222222,0.3111111111111111,
mO_173(II)_gCOX3(429-470),42,1,0.2857142857142857,0.2619047619047619,
mO_173(IV)_gND7(1135-1175),41,0,0.34146341463414637,0.2682926829268293,
mO_174(II)_gCOX3(464-508),45,0,0.35555555555555557,0.2222222222222222,
mO_174(IV)_gA6_v1(64-108),45,0,0.3333333333333333,0.24444444444444444,
mO_174(IV)_gA6_v2(64-108),45,0,0.3333333333333333,0.24444444444444444,
mO_175(I)_gND8_v2(188-226),39,0,0.23076923076923078,0.358974358974359,
mO_175(I)_gND8_v1(188-226),39,0,0.23076923076923078,0.358974358974359,
mO_175(II)_gND7(279-319),41,1,0.24390243902439024,0.2926829268292683,
mO_175(IV)_gCR3(232-274),43,1,0.3023255813953488,0.27906976744186046,
mO_176(I)_gCR4(174-215),42,1,0.21428571428571427,0.2619047619047619,
mO_176(V)_gND9(525-566),42,1,0.3333333333333333,0.30952380952380953,
mO_177(I)_gA6_v2(258-298),41,0,0.24390243902439024,0.2682926829268293,
mO_177(I)_gA6_v1(258-298),41,0,0.24390243902439024,0.2682926829268293,
mO_177(II)_gCR4(235-277),43,1,0.27906976744186046,0.20930232558139536,
mO_177(IV)_gND7(809-845),37,0,0.2702702702702703,0.2702702702702703,
mO_178(I)_gND7(245-276),32,0,0.4375,0.21875,
mO_178(II)_gND7(279-317),39,1,0.23076923076923078,0.28205128205128205,
mO_178(IV)_gCR3(234-274),41,0,0.3170731707317073,0.2682926829268293,
mO_178(V)_gND7(772-820),49,0,0.32653061224489793,0.24489795918367346,
mO_179(I)_gND8_v2(297-338),42,1,0.2857142857142857,0.38095238095238093,
mO_179(I)_gND8_v1(297-338),42,1,0.2857142857142857,0.38095238095238093,
mO_179(II)_gCOX3(672-714),43,1,0.27906976744186046,0.2558139534883721,
mO_179(IV)_gA6_v1(65-105),41,0,0.2926829268292683,0.3170731707317073,
mO_179(IV)_gA6_v2(65-105),41,0,0.2926829268292683,0.3170731707317073,
mO_180(II)_gCOX3(805-850),46,1,0.2826086956521739,0.32608695652173914,
mO_180(IV)_gND9(236-277),42,0,0.19047619047619047,0.30952380952380953,
mO_181(II)_gND7(113-155),43,0,0.3023255813953488,0.23255813953488372,
mO_181(IV)_gRPS12(192-234),43,1,0.18604651162790697,0.37209302325581395,
mO_182(II)_gND7(561-603),43,1,0.3023255813953488,0.27906976744186046,
mO_182(III)_gND7(1159-1199),41,2,0.3170731707317073,0.34146341463414637,
mO_182(IV)_gND9(117-159),43,0,0.16279069767441862,0.23255813953488372,
mO_183(II)_gA6_v1(155-179),25,0,0.12,0.24,
mO_183(II)_gA6_v2(155-179),25,0,0.12,0.24,
mO_184(IV)_gA6_v1(443-489),47,1,0.2765957446808511,0.2553191489361702,
mO_184(IV)_gA6_v2(443-489),47,1,0.2765957446808511,0.2553191489361702,
mO_185(I)_gND8_v2(119-160),42,1,0.2857142857142857,0.30952380952380953,
mO_185(I)_gND8_v1(119-160),42,1,0.2857142857142857,0.30952380952380953,
mO_185(IV)_gND8_v1(444-481),38,2,0.23684210526315788,0.2894736842105263,
mO_185(IV)_gND8_v2(443-480),38,2,0.23684210526315788,0.2894736842105263,
mO_186(I)_gCOX3(300-341),42,2,0.2619047619047619,0.2619047619047619,
mO_187(II)_gCOX3(873-913),41,0,0.2682926829268293,0.21951219512195122,
mO_188(II)_gA6_v1(34-70),37,1,0.1891891891891892,0.24324324324324326,
mO_188(II)_gA6_v2(34-70),37,1,0.1891891891891892,0.24324324324324326,
mO_189(V)_gCOX3(839-880),42,0,0.19047619047619047,0.3333333333333333,
mO_190(I)_gCOX3(528-567),40,0,0.15,0.3,
mO_190(II)_gND7(667-712),46,0,0.2826086956521739,0.2826086956521739,
mO_191(I)_gCOX3(323-366),44,0,0.25,0.22727272727272727,
mO_191(I)_gND3(387-425),39,1,0.2564102564102564,0.23076923076923078,
mO_191(IV)_gND9(462-505),44,0,0.25,0.2727272727272727,
mO_192(I)_gCR3(29-68),40,2,0.225,0.325,
mO_192(IV)_gA6_v1(570-617),48,0,0.20833333333333334,0.22916666666666666,
mO_192(IV)_gA6_v2(570-617),48,0,0.20833333333333334,0.22916666666666666,
mO_193(I)_gND8_v2(323-366),44,0,0.25,0.29545454545454547,
mO_193(I)_gND8_v1(323-366),44,0,0.25,0.29545454545454547,
mO_194(IV)_gND7(426-462),37,1,0.4594594594594595,0.2972972972972973,
mO_195(I)_gND8_v2(323-367),45,0,0.26666666666666666,0.28888888888888886,
mO_195(I)_gND8_v1(323-367),45,0,0.26666666666666666,0.28888888888888886,
mO_195(IV)_gCOX3(209-238),30,0,0.23333333333333334,0.3,
mO_196(I)_gCOX3(524-565),42,0,0.19047619047619047,0.30952380952380953,
mO_196(IV)_gND7(455-494),40,2,0.275,0.35,
mO_197(IV)_gCR3(84-120),37,0,0.13513513513513514,0.32432432432432434,
mO_198(II)_gA6_v1(702-741),40,2,0.2,0.3,
mO_198(II)_gA6_v2(702-741),40,2,0.2,0.3,
mO_199(I)_gA6_v1(475-518),44,0,0.25,0.2727272727272727,
mO_199(I)_gA6_v2(475-518),44,0,0.25,0.2727272727272727,
mO_199(II)_gND8_v1(104-137),34,0,0.17647058823529413,0.3235294117647059,
mO_199(II)_gND8_v2(104-137),34,0,0.17647058823529413,0.3235294117647059,
mO_199(IV)_gND8_v1(269-302),34,2,0.3235294117647059,0.35294117647058826,
mO_199(IV)_gND8_v2(269-302),34,2,0.3235294117647059,0.35294117647058826,
mO_199(V)_gND7(1035-1076),42,1,0.23809523809523808,0.35714285714285715,
mO_200(I)_gND8_v2(121-166),46,0,0.30434782608695654,0.2391304347826087,
mO_200(I)_gND8_v1(121-166),46,0,0.30434782608695654,0.2391304347826087,
mO_200(II)_gND7(105-150),46,0,0.2826086956521739,0.2391304347826087,
mO_200(IV)_gRPS12(191-222),32,0,0.1875,0.4375,
mO_200(V)_gCOX3(666-707),42,1,0.2619047619047619,0.2619047619047619,
mO_201(I)_gCOX3(714-750),37,0,0.21621621621621623,0.32432432432432434,
mO_201(II)_gND7(936-975),40,0,0.25,0.4,
mO_201(IV)_gND3(31-72),42,0,0.23809523809523808,0.23809523809523808,
mO_202(I)_gND9(556-586),31,1,0.3225806451612903,0.25806451612903225,
mO_202(II)_gND9(433-474),42,1,0.2857142857142857,0.2857142857142857,
mO_202(IV)_gCR3(43-84),42,0,0.21428571428571427,0.23809523809523808,
mO_203(II)_gCR4(416-463),48,1,0.125,0.3333333333333333,
mO_203(IV)_gND7(623-659),37,1,0.21621621621621623,0.2972972972972973,
mO_203(V)_gND7(1049-1091),43,1,0.3023255813953488,0.27906976744186046,
mO_204(Ia)_gCOX3(213-256),44,1,0.25,0.2727272727272727,
mO_204(II)_gND7(592-636),45,1,0.35555555555555557,0.2222222222222222,
mO_204(IV)_gCOX3(178-221),44,0,0.1590909090909091,0.29545454545454547,
mO_205(I)_gCOX3(400-442),43,0,0.18604651162790697,0.2558139534883721,
mO_205(II)_gCR4(115-155),41,1,0.14634146341463414,0.34146341463414637,
mO_205(V)_gND7(55-80),26,0,0.23076923076923078,0.2692307692307692,
mO_206(II)_gA6_v1(699-741),43,1,0.20930232558139536,0.3023255813953488,
mO_206(II)_gA6_v2(699-741),43,1,0.20930232558139536,0.3023255813953488,
mO_206(IV)_gND7(388-428),41,1,0.2926829268292683,0.36585365853658536,
mO_207(I)_gCR3(124-158),35,0,0.17142857142857143,0.3142857142857143,
mO_207(V)_gND7(868-912),45,0,0.13333333333333333,0.28888888888888886,
mO_208(I)_gND7(1067-1105),39,1,0.2564102564102564,0.3076923076923077,
mO_208(II)_gND9(87-123),37,0,0.21621621621621623,0.2972972972972973,
mO_208(IV)_gND8_v1(355-388),34,0,0.4117647058823529,0.35294117647058826,
mO_208(V)_gCOX3(839-879),41,0,0.24390243902439024,0.2682926829268293,
mO_209(I)_gA6_v1(475-511),37,0,0.2702702702702703,0.2702702702702703,
mO_209(I)_gA6_v2(475-511),37,0,0.2702702702702703,0.2702702702702703,
mO_209(II)_gCR4(87-124),38,1,0.2894736842105263,0.23684210526315788,
mO_209(IV)_gND7(703-745),43,0,0.37209302325581395,0.23255813953488372,
mO_209(V)_gCOX3(49-90),42,1,0.23809523809523808,0.2857142857142857,
mO_210(II)_gRPS12(221-264),44,1,0.29545454545454547,0.2727272727272727,
mO_210(IV)_gCOX3(369-408),40,1,0.175,0.325,
mO_211(II)_gND7(993-1042),50,1,0.38,0.22,
mO_212(I)_gCOX3(264-292),29,1,0.2413793103448276,0.2413793103448276,
mO_212(II)_gRPS12(150-190),41,0,0.2926829268292683,0.2682926829268293,
mO_212(V)_gRPS12(252-292),41,1,0.34146341463414637,0.2926829268292683,
mO_213(II)_gRPS12(105-131),27,1,0.4074074074074074,0.3333333333333333,
mO_213(IV)_gND3(168-199),32,0,0.34375,0.3125,
mO_214(V)_gA6_v1(264-304),41,1,0.24390243902439024,0.2682926829268293,
mO_214(V)_gA6_v2(264-304),41,1,0.24390243902439024,0.2682926829268293,
mO_215(II)_gA6_v1(34-74),41,1,0.17073170731707318,0.34146341463414637,
mO_215(II)_gA6_v2(34-74),41,1,0.17073170731707318,0.34146341463414637,
mO_215(III)_gND3(316-362),47,0,0.2765957446808511,0.2553191489361702,
mO_215(IV)_gND7(894-934),41,0,0.2926829268292683,0.24390243902439024,
mO_216(II)_gA6_v1(534-581),48,0,0.14583333333333334,0.25,
mO_216(II)_gA6_v2(534-581),48,0,0.14583333333333334,0.25,
mO_216(IV)_gA6_v1(194-242),49,0,0.2653061224489796,0.24489795918367346,
mO_216(IV)_gA6_v2(194-242),49,0,0.2653061224489796,0.24489795918367346,
mO_216(V)_gCOX3(558-599),42,0,0.21428571428571427,0.3333333333333333,
mO_217(II)_gCR4(416-463),48,1,0.125,0.3333333333333333,
mO_217(IV)_gND7(623-659),37,1,0.21621621621621623,0.32432432432432434,
mO_217(V)_gND7(1049-1091),43,1,0.3023255813953488,0.27906976744186046,
mO_218(I)_gCR3(124-161),38,0,0.18421052631578946,0.2894736842105263,
mO_218(IV)_gCR3(231-269),39,0,0.28205128205128205,0.3076923076923077,
mO_219(I)_gCR4(483-523),41,0,0.2926829268292683,0.2926829268292683,
mO_219(II)_gCOX3(866-913),48,1,0.2916666666666667,0.25,
mO_219(V)_gND7(771-820),50,0,0.34,0.26,
mO_220(I)_gA6_v1(601-645),45,1,0.2222222222222222,0.28888888888888886,
mO_220(I)_gA6_v2(601-645),45,1,0.2222222222222222,0.28888888888888886,
mO_220(II)_gA6_v1(325-369),45,0,0.2,0.26666666666666666,
mO_220(II)_gA6_v2(325-369),45,0,0.2,0.26666666666666666,
mO_220(IV)_gND7(456-493),38,1,0.2894736842105263,0.2894736842105263,
mO_221(V)_gND7(1033-1076),44,0,0.25,0.3181818181818182,
mO_222(I)_gCOX3(497-536),40,2,0.3,0.3,
mO_222(IV)_gA6_v1(89-130),42,1,0.2857142857142857,0.2619047619047619,
mO_222(IV)_gA6_v2(89-130),42,1,0.2857142857142857,0.2619047619047619,
mO_223(I)_gND9(557-587),31,0,0.22580645161290322,0.25806451612903225,
mO_223(II)_gND9(433-470),38,1,0.2631578947368421,0.34210526315789475,
mO_224(I)_gCOX3(220-247),28,0,0.17857142857142858,0.35714285714285715,
mO_224(II)_gCOX3(773-818),46,0,0.17391304347826086,0.30434782608695654,
mO_224(IV)_gCOX3(181-224),44,0,0.1590909090909091,0.2727272727272727,
mO_224(V)_gND3(282-323),42,1,0.16666666666666666,0.2857142857142857,
mO_225(II)_gCOX3(406-448),43,0,0.23255813953488372,0.20930232558139536,
mO_225(IV)_gRPS12(35-74),40,1,0.225,0.325,
mO_226(II)_gCR4(417-462),46,0,0.10869565217391304,0.34782608695652173,
mO_226(IV)_gND9(269-310),42,0,0.16666666666666666,0.30952380952380953,
mO_226(V)_gND7(815-854),40,1,0.25,0.325,
mO_227(II)_gCOX3(351-396),46,0,0.1956521739130435,0.2608695652173913,
mO_227(IV)_gRPS12(162-200),39,0,0.23076923076923078,0.3076923076923077,
mO_228(II)_gCOX3(578-621),44,0,0.22727272727272727,0.25,
mO_228(V)_gCOX3(44-76),33,0,0.21212121212121213,0.30303030303030304,
mO_229(I)_gCOX3(732-773),42,1,0.21428571428571427,0.2857142857142857,
mO_229(II)_gA6_v2(749-794),46,3,0.34782608695652173,0.2826086956521739,
mO_229(IV)_gA6_v1(671-707),37,0,0.32432432432432434,0.24324324324324326,
mO_229(IV)_gA6_v2(671-707),37,0,0.32432432432432434,0.24324324324324326,
mO_231(V)_gCR4(487-516),30,0,0.2,0.16666666666666666,
mO_232(I)_gCOX3(320-362),43,0,0.2558139534883721,0.2558139534883721,
mO_232(II)_gND3(249-293),45,1,0.24444444444444444,0.24444444444444444,
mO_232(IV)_gND3(34-73),40,0,0.225,0.3,
mO_233(I)_gCR3(123-166),44,0,0.1590909090909091,0.3409090909090909,
mO_233(II)_gCOX3(457-495),39,0,0.23076923076923078,0.23076923076923078,
mO_233(IV)_gCOX3(747-788),42,0,0.23809523809523808,0.30952380952380953,
mO_234(I)_gA6_v2(252-292),41,0,0.24390243902439024,0.2682926829268293,
mO_234(I)_gA6_v1(252-292),41,0,0.24390243902439024,0.2682926829268293,
mO_234(Orphan)_gCR4(264-302),39,1,0.10256410256410256,0.3076923076923077,
mO_234(IV)_gND3(127-162),36,0,0.19444444444444445,0.3611111111111111,
mO_234(V)_gND7(396-433),38,0,0.2894736842105263,0.2631578947368421,
mO_235(Ia)_gCOX3(206-250),45,2,0.2222222222222222,0.26666666666666666,
mO_235(II)_gND9(347-381),35,0,0.2571428571428571,0.2571428571428571,
mO_235(Va)_gA6_v1(661-687),27,2,0.4074074074074074,0.1111111111111111,
mO_235(Va)_gA6_v2(661-687),27,2,0.4074074074074074,0.1111111111111111,
mO_236(II)_gND7(333-375),43,1,0.32558139534883723,0.27906976744186046,
mO_236(IV)_gND7(143-183),41,0,0.2682926829268293,0.3170731707317073,
mO_237(IV)_gA6_v1(446-488),43,1,0.2558139534883721,0.27906976744186046,
mO_237(IV)_gA6_v2(446-488),43,1,0.2558139534883721,0.27906976744186046,
mO_238(I)_gND8_v1(63-106),44,1,0.11363636363636363,0.22727272727272727,
mO_238(I)_gND8_v2(63-106),44,1,0.11363636363636363,0.22727272727272727,
mO_238(Orphan)_gND7(231-254),24,1,0.3333333333333333,0.375,
mO_238(IV)_gND7(743-789),47,0,0.2978723404255319,0.23404255319148937,
mO_239(II)_gRPS12(90-126),37,0,0.2702702702702703,0.32432432432432434,
mO_239(IV)_gND3(130-166),37,1,0.1891891891891892,0.35135135135135137,
mO_240(II)_gND7(641-678),38,1,0.3157894736842105,0.3157894736842105,
mO_241(I)_gND8_v1(292-331),40,0,0.325,0.3,
mO_241(I)_gND8_v2(292-331),40,0,0.325,0.3,
mO_241(II)_gCR4(176-216),41,0,0.21951219512195122,0.2682926829268293,
mO_241(IV)_gND9(522-562),41,0,0.3902439024390244,0.24390243902439024,
mO_242(I)_gRPS12(120-161),42,2,0.38095238095238093,0.3333333333333333,
mO_242(IV)_gCOX3(553-594),42,0,0.21428571428571427,0.2857142857142857,
mO_242(V)_gND9(270-310),41,0,0.1951219512195122,0.3170731707317073,
mO_243(I)_gCOX3(323-368),46,0,0.2391304347826087,0.2826086956521739,
mO_243(I)_gND3(387-425),39,0,0.23076923076923078,0.3076923076923077,
mO_243(II)_gND7(561-608),48,1,0.2916666666666667,0.2708333333333333,
mO_243(IV)_gCOX3(553-594),42,0,0.21428571428571427,0.30952380952380953,
mO_244(I)_gCR4(354-395),42,0,0.16666666666666666,0.2857142857142857,
mO_244(II)_gND7(499-532),34,0,0.29411764705882354,0.3235294117647059,
mO_244(IV)_gA6_v1(443-485),43,1,0.2558139534883721,0.3023255813953488,
mO_244(IV)_gA6_v2(443-485),43,1,0.2558139534883721,0.3023255813953488,
mO_245(II)_gND9(426-469),44,0,0.25,0.29545454545454547,
mO_245(IV)_gCOX3(901-941),41,0,0.24390243902439024,0.34146341463414637,
mO_246(I)_gND7(964-998),35,2,0.34285714285714286,0.3142857142857143,
mO_246(II)_gND3(62-105),44,1,0.25,0.18181818181818182,
mO_246(V)_gND8_v1(153-191),39,0,0.28205128205128205,0.3076923076923077,
mO_246(V)_gND8_v2(153-191),39,0,0.28205128205128205,0.3076923076923077,
mO_247(II)_gND7(57-94),38,0,0.3157894736842105,0.3157894736842105,
mO_247(Orphan)_gCR4(264-302),39,1,0.10256410256410256,0.3333333333333333,
mO_247(V)_gND7(390-428),39,1,0.3076923076923077,0.3333333333333333,
mO_248(II)_gRPS12(242-265),24,0,0.25,0.375,
mO_248(IV)_gCOX3(361-408),48,1,0.25,0.25,
mO_249(II)_gRPS12(223-265),43,0,0.3023255813953488,0.27906976744186046,
mO_249(V)_gND9(491-535),45,0,0.26666666666666666,0.26666666666666666,
mO_250(IV)_gND9(115-159),45,1,0.15555555555555556,0.24444444444444444,
mO_251(II)_gCR4(385-426),42,0,0.16666666666666666,0.2619047619047619,
mO_251(V)_gCR3(97-130),34,0,0.14705882352941177,0.2647058823529412,
mO_252(I)_gCOX3(431-472),42,0,0.2619047619047619,0.23809523809523808,
mO_252(II)_gCR4(504-539),36,2,0.3888888888888889,0.19444444444444445,
mO_252(IV)_gND9(145-185),41,0,0.14634146341463414,0.2926829268292683,
mO_253(I)_gND8_v2(303-342),40,1,0.275,0.35,
mO_253(I)_gND8_v1(303-342),40,1,0.275,0.35,
mO_253(V)_gA6_v1(343-383),41,0,0.2926829268292683,0.24390243902439024,
mO_253(V)_gA6_v2(343-383),41,0,0.2926829268292683,0.24390243902439024,
mO_254(I)_gND8_v2(318-346),29,0,0.27586206896551724,0.3103448275862069,
mO_254(I)_gND8_v1(318-346),29,0,0.27586206896551724,0.3103448275862069,
mO_254(II)_gND9(317-361),45,1,0.17777777777777778,0.26666666666666666,
mO_254(IV)_gRPS12(192-233),42,1,0.21428571428571427,0.35714285714285715,
mO_255(I)_gND9(200-240),41,0,0.24390243902439024,0.2926829268292683,
mO_255(II)_gCOX3(756-800),45,0,0.24444444444444444,0.3333333333333333,
mO_255(V)_gA6_v1(325-368),44,0,0.20454545454545456,0.2727272727272727,
mO_255(V)_gA6_v2(325-368),44,0,0.20454545454545456,0.2727272727272727,
mO_256(I)_gCOX3(521-566),46,2,0.1956521739130435,0.2826086956521739,
mO_256(II)_gND7(667-712),46,0,0.2608695652173913,0.32608695652173914,
mO_257(I)_gRPS12(61-111),51,0,0.23529411764705882,0.2549019607843137,
mO_257(II)_gND7(308-346),39,0,0.28205128205128205,0.3076923076923077,
mO_257(IV)_gCR4(49-93),45,2,0.2,0.24444444444444444,
mO_258(I)_gCR4(384-425),42,0,0.19047619047619047,0.23809523809523808,
mO_258(V)_gND7(1034-1072),39,0,0.2564102564102564,0.28205128205128205,
mO_259(II)_gCR4(142-182),41,1,0.24390243902439024,0.24390243902439024,
mO_259(IV)_gA6_v1(295-340),46,1,0.1956521739130435,0.2608695652173913,
mO_259(IV)_gA6_v2(295-340),46,1,0.1956521739130435,0.2608695652173913,
mO_260(I)_gCOX3(148-188),41,0,0.1951219512195122,0.2926829268292683,
mO_260(II)_gND9(525-566),42,1,0.3333333333333333,0.30952380952380953,
mO_260(IV)_gCOX3(641-687),47,0,0.2553191489361702,0.2978723404255319,
mO_261(I)_gCOX3(393-425),33,2,0.21212121212121213,0.30303030303030304,
mO_261(II)_gND9(404-441),38,2,0.2631578947368421,0.2631578947368421,
mO_261(IV)_gA6_v1(220-265),46,2,0.32608695652173914,0.21739130434782608,
mO_261(IV)_gA6_v2(220-265),46,2,0.32608695652173914,0.21739130434782608,
mO_261(V)_gCOX3(660-691),32,0,0.25,0.28125,
mO_262(I)_gCOX3(727-750),24,0,0.125,0.375,
mO_262(II)_gCOX3(434-473),40,0,0.2,0.3,
mO_263(I)_gCR4(63-92),30,0,0.13333333333333333,0.26666666666666666,
mO_263(II)_gND7(276-303),28,0,0.25,0.21428571428571427,
mO_263(IV)_gCOX3(640-676),37,1,0.32432432432432434,0.2702702702702703,
mO_264(I)_gCOX3(731-772),42,2,0.2619047619047619,0.2857142857142857,
mO_264(IV)_gND3(186-226),41,0,0.24390243902439024,0.2926829268292683,
mO_264(V)_gA6_v1(696-739),44,1,0.25,0.2727272727272727,
mO_264(V)_gA6_v2(696-739),44,1,0.25,0.2727272727272727,
mO_265(II)_gCOX3(864-903),40,0,0.25,0.25,
mO_265(IV)_gND9(595-623),29,2,0.3448275862068966,0.20689655172413793,
mO_266(II)_gCOX3(575-623),49,0,0.22448979591836735,0.2857142857142857,
mO_267(IV)_gCR3(49-89),41,0,0.1951219512195122,0.2926829268292683,
mO_268(II)_gCR3(222-256),35,0,0.2857142857142857,0.3142857142857143,
mO_268(IV)_gND9(236-284),49,0,0.24489795918367346,0.24489795918367346,
mO_269(I)_gCOX3(159-192),34,0,0.17647058823529413,0.3235294117647059,
mO_269(II)_gND9(528-566),39,1,0.3333333333333333,0.3076923076923077,
mO_269(IV)_gCOX3(633-676),44,0,0.29545454545454547,0.29545454545454547,
mO_270(Orphan)_gCYB(33-61),29,0,0.3103448275862069,0.20689655172413793,
mO_271(I)_gCR3(156-200),45,0,0.26666666666666666,0.2222222222222222,
mO_271(IV)_gCR4(203-245),43,0,0.2558139534883721,0.27906976744186046,
mO_272(I)_gA6_v2(603-642),40,0,0.175,0.35,
mO_272(I)_gA6_v1(603-642),40,0,0.175,0.35,
mO_272(II)_gA6_v1(325-365),41,0,0.17073170731707318,0.24390243902439024,
mO_272(II)_gA6_v2(325-365),41,0,0.17073170731707318,0.24390243902439024,
mO_272(IV)_gND7(452-495),44,1,0.3409090909090909,0.3181818181818182,
mO_273(II)_gA6_v1(139-180),42,0,0.21428571428571427,0.2619047619047619,
mO_273(II)_gA6_v2(139-180),42,0,0.21428571428571427,0.2619047619047619,
mO_273(IV)_gRPS12(42-68),27,0,0.14814814814814814,0.4074074074074074,
mO_274(I)_gCOX3(614-641),28,0,0.35714285714285715,0.2857142857142857,
mO_274(II)_gA6_v1(412-445),34,0,0.17647058823529413,0.2647058823529412,
mO_274(II)_gA6_v2(412-445),34,0,0.17647058823529413,0.2647058823529412,
mO_274(IV)_gND7(841-884),44,0,0.3181818181818182,0.29545454545454547,
mO_274(V)_gND7(1102-1138),37,0,0.2702702702702703,0.2972972972972973,
mO_275(I)_gCOX3(400-442),43,0,0.20930232558139536,0.2558139534883721,
mO_275(II)_gCR4(117-154),38,0,0.15789473684210525,0.3157894736842105,
mO_275(V)_gND7(55-80),26,0,0.19230769230769232,0.34615384615384615,
mO_276(II)_gA6_v1(694-741),48,0,0.2916666666666667,0.22916666666666666,
mO_276(II)_gA6_v2(694-741),48,0,0.2916666666666667,0.22916666666666666,
mO_276(V)_gCOX3(247-288),39,0,0.20512820512820512,0.2564102564102564,
mO_277(I)_gND9(203-245),43,2,0.27906976744186046,0.20930232558139536,
mO_277(II)_gCOX3(590-626),37,0,0.21621621621621623,0.32432432432432434,
mO_277(IV)_gA6_v1(443-486),44,1,0.25,0.2727272727272727,
mO_277(IV)_gA6_v2(443-486),44,1,0.25,0.2727272727272727,
mO_278(I)_gND8_v2(125-170),46,0,0.32608695652173914,0.2608695652173913,
mO_278(I)_gND8_v1(125-170),46,0,0.32608695652173914,0.2608695652173913,
mO_278(II)_gND7(112-154),43,0,0.2558139534883721,0.2558139534883721,
mO_278(IV)_gRPS12(200-233),34,0,0.2647058823529412,0.29411764705882354,
mO_278(V)_gND8_v1(518-546),29,2,0.4827586206896552,0.20689655172413793,
mO_278(V)_gND8_v2(516-544),29,2,0.4827586206896552,0.20689655172413793,
mO_279(I)_gA6_v2(256-298),43,1,0.27906976744186046,0.23255813953488372,
mO_279(I)_gA6_v1(256-298),43,1,0.27906976744186046,0.23255813953488372,
mO_279(II)_gCR4(232-277),46,1,0.2826086956521739,0.2391304347826087,
mO_279(IV)_gND7(810-845),36,0,0.2777777777777778,0.2777777777777778,
mO_280(I)_gND8_v1(383-412),30,1,0.23333333333333334,0.3,
mO_280(I)_gND8_v2(382-411),30,1,0.23333333333333334,0.3,
mO_280(II)_gCOX3(684-721),38,0,0.2631578947368421,0.34210526315789475,
mO_280(IV)_gND7(714-754),41,1,0.2926829268292683,0.2926829268292683,
mO_281(V)_gND7(1034-1072),39,0,0.23076923076923078,0.3333333333333333,
mO_282(I)_gCOX3(270-310),41,0,0.24390243902439024,0.2682926829268293,
mO_283(IV)_gND8_v1(93-142),50,0,0.22,0.3,
mO_283(IV)_gND8_v2(93-142),50,0,0.22,0.3,
mO_284(IV)_gCR3(85-119),35,0,0.14285714285714285,0.34285714285714286,
mO_285(IV)_gND7(359-398),40,0,0.325,0.275,
mO_285(V)_gND7(875-924),48,0,0.1875,0.25,
mO_286(I)_gA6_v2(382-425),44,1,0.20454545454545456,0.25,
mO_286(I)_gA6_v1(382-425),44,1,0.20454545454545456,0.25,
mO_286(II)_gCR3(158-200),43,2,0.2558139534883721,0.23255813953488372,
mO_286(IV)_gND7(919-964),46,0,0.3695652173913043,0.2608695652173913,
mO_287(I)_gND8_v2(297-337),41,1,0.34146341463414637,0.34146341463414637,
mO_287(I)_gND8_v1(297-337),41,1,0.34146341463414637,0.34146341463414637,
mO_287(II)_gCOX3(672-714),43,1,0.23255813953488372,0.3023255813953488,
mO_287(IV)_gND7(1134-1178),45,1,0.28888888888888886,0.28888888888888886,
mO_288(I)_gND8_v1(122-162),41,0,0.3170731707317073,0.36585365853658536,
mO_288(I)_gND8_v2(122-162),41,0,0.3170731707317073,0.36585365853658536,
mO_288(II)_gCOX3(354-396),43,0,0.20930232558139536,0.32558139534883723,
mO_288(IV)_gND8_v1(447-478),32,0,0.1875,0.25,
mO_288(IV)_gND8_v2(446-477),32,0,0.1875,0.25,
mO_289(I)_gND8_v2(383-406),24,0,0.20833333333333334,0.3333333333333333,
mO_289(I)_gND8_v1(384-407),24,0,0.20833333333333334,0.3333333333333333,
mO_289(II)_gCOX3(864-903),40,0,0.175,0.3,
mO_289(IV)_gND9(599-639),41,0,0.3170731707317073,0.2682926829268293,
mO_290(I)_gCOX3(677-720),44,0,0.3409090909090909,0.25,
mO_290(II)_gA6_v1(415-456),42,0,0.19047619047619047,0.3333333333333333,
mO_290(II)_gA6_v2(415-456),42,0,0.19047619047619047,0.3333333333333333,
mO_290(IV)_gCR4(285-334),50,0,0.18,0.3,
mO_290(V)_gCOX3(47-84),38,0,0.21052631578947367,0.34210526315789475,
mO_291(I)_gND7(245-291),47,0,0.3404255319148936,0.2553191489361702,
mO_291(II)_gA6_v1(415-452),38,0,0.18421052631578946,0.34210526315789475,
mO_291(II)_gA6_v2(415-452),38,0,0.18421052631578946,0.34210526315789475,
mO_291(IV)_gCR4(291-332),42,1,0.16666666666666666,0.30952380952380953,
mO_291(V)_gCOX3(47-85),39,0,0.20512820512820512,0.28205128205128205,
mO_292(II)_gCOX3(575-614),40,0,0.25,0.25,
mO_293(II)_gND7(550-587),38,1,0.2894736842105263,0.2894736842105263,
mO_293(III)_gND7(1164-1194),31,0,0.25806451612903225,0.41935483870967744,
mO_294(II)_gND9(62-103),42,1,0.21428571428571427,0.2619047619047619,
mO_294(IV)_gND7(1105-1145),41,0,0.24390243902439024,0.2926829268292683,
mO_295(II)_gRPS12(162-200),39,0,0.23076923076923078,0.23076923076923078,
mO_295(V)_gRPS12(250-295),46,0,0.34782608695652173,0.2608695652173913,
mO_296(II)_gND7(333-372),40,1,0.275,0.3,
mO_296(IV)_gND7(703-739),37,0,0.2972972972972973,0.2972972972972973,
mO_297(I)_gCOX3(524-565),42,0,0.19047619047619047,0.2619047619047619,
mO_297(IV)_gND7(455-494),40,2,0.3,0.3,
mO_297(V)_gND7(386-425),40,1,0.3,0.325,
mO_298(I)_gND8_v1(210-251),42,1,0.2619047619047619,0.3333333333333333,
mO_298(I)_gND8_v2(210-251),42,1,0.2619047619047619,0.3333333333333333,
mO_298(IV)_gND9(244-284),41,0,0.21951219512195122,0.2682926829268293,
mO_299(I)_gCOX3(606-650),45,0,0.28888888888888886,0.28888888888888886,
mO_299(II)_gND7(1073-1117),45,1,0.28888888888888886,0.3111111111111111,
mO_299(IV)_gND7(27-69),43,2,0.27906976744186046,0.3023255813953488,
mO_300(II)_gND9(174-219),46,0,0.21739130434782608,0.2391304347826087,
mO_301(I)_gCOX3(301-341),41,1,0.2682926829268293,0.2682926829268293,
mO_301(IV)_gCOX3(640-687),48,1,0.2916666666666667,0.2708333333333333,
mO_302(IV)_gND8_v1(385-419),35,0,0.22857142857142856,0.2571428571428571,
mO_302(IV)_gND8_v2(384-418),35,0,0.22857142857142856,0.2571428571428571,
mO_303(I)_gND8_v2(297-337),41,1,0.2926829268292683,0.3902439024390244,
mO_303(I)_gND8_v1(297-337),41,1,0.2926829268292683,0.3902439024390244,
mO_303(II)_gCOX3(672-713),42,1,0.2619047619047619,0.23809523809523808,
mO_303(IV)_gA6_v1(65-105),41,0,0.3170731707317073,0.2682926829268293,
mO_303(IV)_gA6_v2(65-105),41,0,0.3170731707317073,0.2682926829268293,
mO_304(II)_gCR4(326-368),43,0,0.16279069767441862,0.3023255813953488,
mO_304(IV)_gND7(308-351),44,2,0.3181818181818182,0.25,
mO_305(I)_gCOX3(400-442),43,0,0.18604651162790697,0.3023255813953488,
mO_305(II)_gCR4(117-155),39,0,0.15384615384615385,0.38461538461538464,
mO_305(V)_gND7(36-81),46,0,0.2826086956521739,0.2391304347826087,
mO_306(I)_gCOX3(629-653),25,0,0.32,0.32,
mO_306(II)_gA6_v1(726-767),42,1,0.2619047619047619,0.2857142857142857,
mO_306(II)_gA6_v2(726-766),41,1,0.2682926829268293,0.2926829268292683,
mO_306(IV)_gND7(28-69),42,1,0.2619047619047619,0.2619047619047619,
mO_307(I)_gRPS12(127-154),28,0,0.25,0.39285714285714285,
mO_308(I)_gCOX3(270-308),39,0,0.2564102564102564,0.3333333333333333,
mO_308(II)_gND9(431-461),31,0,0.2903225806451613,0.2903225806451613,
mO_308(IV)_gCOX3(899-936),38,0,0.23684210526315788,0.34210526315789475,
mO_309(II)_gA6_v1(34-76),43,1,0.16279069767441862,0.27906976744186046,
mO_309(II)_gA6_v2(34-76),43,1,0.16279069767441862,0.27906976744186046,
mO_310(I)_gCR4(283-306),24,0,0.041666666666666664,0.3333333333333333,
mO_310(II)_gND7(499-536),38,0,0.2631578947368421,0.2894736842105263,
mO_311(III)_gND7(1160-1199),40,1,0.325,0.325,
mO_311(IV)_gND9(115-159),45,1,0.15555555555555556,0.24444444444444444,
mO_312(I)_gRPS12(251-292),42,2,0.38095238095238093,0.30952380952380953,
mO_312(II)_gCOX3(799-841),43,0,0.27906976744186046,0.2558139534883721,
mO_312(IV)_gCOX3(646-689),44,1,0.2727272727272727,0.2727272727272727,
mO_313(I)_gND8_v2(292-331),40,0,0.35,0.275,
mO_313(I)_gND8_v1(292-331),40,0,0.35,0.275,
mO_313(IV)_gND9(522-562),41,0,0.34146341463414637,0.3170731707317073,
mO_314(I)_gCR3(126-167),42,0,0.21428571428571427,0.23809523809523808,
mO_314(IV)_gND7(712-757),46,0,0.3695652173913043,0.2608695652173913,
mO_314(V)_gCOX3(562-605),44,1,0.25,0.22727272727272727,
mO_315(I)_gND7(652-683),32,0,0.25,0.28125,
mO_315(II)_gCR4(322-370),49,0,0.14285714285714285,0.30612244897959184,
mO_315(IV)_gND7(140-181),42,2,0.3333333333333333,0.2619047619047619,
mO_316(I)_gA6_v2(474-511),38,0,0.21052631578947367,0.3157894736842105,
mO_316(I)_gA6_v1(474-511),38,0,0.21052631578947367,0.3157894736842105,
mO_316(II)_gCR4(83-125),43,0,0.2558139534883721,0.2558139534883721,
mO_316(IV)_gA6_v1(93-132),40,0,0.3,0.225,
mO_316(IV)_gA6_v2(93-132),40,0,0.3,0.225,
mO_317(I)_gCOX3(497-537),41,2,0.2926829268292683,0.2682926829268293,
mO_317(II)_gA6_v1(223-267),45,0,0.3111111111111111,0.2222222222222222,
mO_317(II)_gA6_v2(223-267),45,0,0.3111111111111111,0.2222222222222222,
mO_318(II)_gCOX3(130-164),35,0,0.22857142857142856,0.3142857142857143,
mO_318(V)_gA6_v1(577-617),41,0,0.14634146341463414,0.2682926829268293,
mO_318(V)_gA6_v2(577-617),41,0,0.14634146341463414,0.2682926829268293,
mO_319(I)_gND7(242-285),44,2,0.3409090909090909,0.2727272727272727,
mO_319(II)_gND7(279-319),41,1,0.24390243902439024,0.34146341463414637,
mO_319(IV)_gCR3(234-273),40,0,0.3,0.325,
mO_319(V)_gA6_v1(326-370),45,1,0.2222222222222222,0.24444444444444444,
mO_319(V)_gA6_v2(326-370),45,1,0.2222222222222222,0.24444444444444444,
mO_320(II)_gCOX3(873-911),39,0,0.23076923076923078,0.2564102564102564,
mO_322(II)_gCOX3(799-841),43,0,0.20930232558139536,0.27906976744186046,
mO_322(IV)_gCOX3(649-692),44,1,0.2727272727272727,0.29545454545454547,
mO_323(II)_gRPS12(90-118),29,0,0.27586206896551724,0.3448275862068966,
mO_323(IV)_gCOX3(302-328),27,0,0.18518518518518517,0.4074074074074074,
mO_323(V)_gND7(406-436),31,2,0.2903225806451613,0.22580645161290322,
mO_325(IV)_gRPS12(51-97),47,1,0.23404255319148937,0.2765957446808511,
mO_326(II)_gA6_v1(36-76),41,1,0.14634146341463414,0.3170731707317073,
mO_326(II)_gA6_v2(36-76),41,1,0.14634146341463414,0.3170731707317073,
mO_326(IV)_gND7(893-935),43,0,0.2558139534883721,0.32558139534883723,
mO_326(V)_gA6_v1(343-384),42,0,0.30952380952380953,0.23809523809523808,
mO_326(V)_gA6_v2(343-384),42,0,0.30952380952380953,0.23809523809523808,
mO_327(II)_gND3(250-293),44,0,0.20454545454545456,0.25,
mO_327(IV)_gND8_v1(458-506),49,2,0.2653061224489796,0.30612244897959184,
mO_327(IV)_gND8_v2(457-505),49,2,0.2653061224489796,0.30612244897959184,
mO_328(II)_gRPS12(151-175),25,1,0.4,0.16,
mO_328(IV)_gA6_v1(661-695),35,2,0.2857142857142857,0.37142857142857144,
mO_328(IV)_gA6_v2(661-695),35,2,0.2857142857142857,0.37142857142857144,
mO_328(V)_gND8_v1(161-198),38,1,0.2894736842105263,0.2631578947368421,
mO_328(V)_gND8_v2(161-198),38,1,0.2894736842105263,0.2631578947368421,
mO_329(Orphan)_gCYB(33-61),29,0,0.3103448275862069,0.2413793103448276,
mO_329(V)_gND7(141-184),44,1,0.3181818181818182,0.2727272727272727,
mO_330(II)_gCOX3(807-851),45,1,0.28888888888888886,0.24444444444444444,
mO_330(IV)_gCR4(203-245),43,0,0.2558139534883721,0.27906976744186046,
mO_331(II)_gND9(174-220),47,0,0.23404255319148937,0.2127659574468085,
mO_332(I)_gND9(299-335),37,0,0.13513513513513514,0.35135135135135137,
mO_332(IV)_gA6_v1(280-323),44,0,0.2727272727272727,0.20454545454545456,
mO_332(IV)_gA6_v2(280-323),44,0,0.2727272727272727,0.20454545454545456,
mO_333(I)_gA6_v2(382-424),43,1,0.18604651162790697,0.3488372093023256,
mO_333(I)_gA6_v1(382-424),43,1,0.18604651162790697,0.3488372093023256,
mO_333(IV)_gND8_v1(412-449),38,0,0.2631578947368421,0.2894736842105263,
mO_333(IV)_gND8_v2(411-448),38,0,0.2631578947368421,0.2894736842105263,
mO_333(V)_gA6_v1(671-701),31,0,0.3225806451612903,0.16129032258064516,
mO_333(V)_gA6_v2(671-701),31,0,0.3225806451612903,0.16129032258064516,
mO_334(II)_gRPS12(223-262),40,0,0.325,0.3,
mO_334(IV)_gRPS12(185-224),40,1,0.25,0.3,
mO_334(V)_gND9(152-179),28,0,0.17857142857142858,0.2857142857142857,
mO_335(IV)_gND7(920-964),45,0,0.4,0.2,
mO_335(V)_gND7(771-823),53,0,0.3018867924528302,0.22641509433962265,
mO_336(I)_gCOX3(497-535),39,2,0.3076923076923077,0.28205128205128205,
mO_337(III)_gND7(1160-1196),37,1,0.35135135135135137,0.3783783783783784,
mO_337(IV)_gND9(115-159),45,1,0.15555555555555556,0.24444444444444444,
mO_338(I)_gCR3(109-150),42,0,0.21428571428571427,0.23809523809523808,
mO_338(II)_gCOX3(460-493),34,0,0.23529411764705882,0.29411764705882354,
mO_338(IV)_gCR3(165-200),36,1,0.25,0.2777777777777778,
mO_338(V)_gCOX3(840-884),45,0,0.24444444444444444,0.24444444444444444,
mO_339(I)_gND8_v1(128-167),40,1,0.275,0.325,
mO_339(I)_gND8_v2(128-167),40,1,0.275,0.325,
mO_339(II)_gA6_v1(536-580),45,0,0.15555555555555556,0.28888888888888886,
mO_339(II)_gA6_v2(536-580),45,0,0.15555555555555556,0.28888888888888886,
mO_339(IV)_gA6_v1(192-232),41,1,0.24390243902439024,0.24390243902439024,
mO_339(IV)_gA6_v2(192-232),41,1,0.24390243902439024,0.24390243902439024,
mO_339(V)_gCOX3(554-599),46,0,0.2608695652173913,0.30434782608695654,
mO_340(I)_gCOX3(153-192),40,0,0.225,0.275,
mO_340(II)_gND9(524-568),45,0,0.35555555555555557,0.26666666666666666,
mO_340(IV)_gCOX3(638-676),39,3,0.28205128205128205,0.358974358974359,
mO_341(I)_gA6_v2(601-645),45,1,0.2,0.24444444444444444,
mO_341(I)_gA6_v1(601-645),45,1,0.2,0.24444444444444444,
mO_341(II)_gCOX3(130-168),39,0,0.23076923076923078,0.28205128205128205,
mO_342(II)_gND7(575-613),36,0,0.2222222222222222,0.3333333333333333,
mO_342(IV)_gCOX3(552-594),43,0,0.20930232558139536,0.27906976744186046,
mO_343(II)_gCR4(144-182),39,0,0.1794871794871795,0.3333333333333333,
mO_343(IV)_gA6_v1(294-341),48,0,0.1875,0.1875,
mO_343(IV)_gA6_v2(294-341),48,0,0.1875,0.1875,
mO_344(I)_gND8_v1(126-169),44,1,0.3409090909090909,0.20454545454545456,
mO_344(I)_gND8_v2(126-169),44,1,0.3409090909090909,0.20454545454545456,
mO_344(II)_gA6_v1(537-581),45,1,0.17777777777777778,0.24444444444444444,
mO_344(II)_gA6_v2(537-581),45,1,0.17777777777777778,0.24444444444444444,
mO_344(IV)_gA6_v1(208-232),25,0,0.2,0.12,
mO_344(IV)_gA6_v2(208-232),25,0,0.2,0.12,
mO_344(V)_gCOX3(558-600),43,0,0.23255813953488372,0.27906976744186046,
mO_345(I)_gCOX3(741-767),27,0,0.14814814814814814,0.3333333333333333,
mO_345(II)_gA6_v1(750-793),44,2,0.3409090909090909,0.29545454545454547,
mO_345(IV)_gA6_v1(661-706),46,2,0.34782608695652173,0.2391304347826087,
mO_345(IV)_gA6_v2(661-706),46,2,0.34782608695652173,0.2391304347826087,
mO_346(I)_gA6_v2(247-286),40,0,0.275,0.275,
mO_346(I)_gA6_v1(247-286),40,0,0.275,0.275,
mO_346(IV)_gND7(356-398),43,2,0.37209302325581395,0.2558139534883721,
mO_346(V)_gND7(875-914),40,0,0.125,0.375,
mO_347(IV)_gND8_v1(158-198),41,1,0.2682926829268293,0.3170731707317073,
mO_347(IV)_gND8_v2(158-198),41,1,0.2682926829268293,0.3170731707317073,
mO_348(I)_gCR4(117-144),28,0,0.17857142857142858,0.2857142857142857,
mO_348(II)_gA6_v1(702-739),38,2,0.18421052631578946,0.34210526315789475,
mO_348(II)_gA6_v2(702-739),38,2,0.18421052631578946,0.34210526315789475,
mO_348(IV)_gA6_v1(570-615),46,0,0.1956521739130435,0.2391304347826087,
mO_348(IV)_gA6_v2(570-615),46,0,0.1956521739130435,0.2391304347826087,
mO_349(I)_gND8_v2(62-105),44,0,0.09090909090909091,0.25,
mO_349(I)_gND8_v1(62-105),44,0,0.09090909090909091,0.25,
mO_349(IV)_gND7(381-423),43,1,0.3023255813953488,0.2558139534883721,
mO_350(I)_gND8_v1(291-331),41,0,0.34146341463414637,0.3170731707317073,
mO_350(I)_gND8_v2(291-331),41,0,0.34146341463414637,0.3170731707317073,
mO_350(II)_gCR4(176-216),41,0,0.21951219512195122,0.2926829268292683,
mO_350(IV)_gND7(810-851),42,0,0.2619047619047619,0.30952380952380953,
mO_351(I)_gA6_v2(495-519),25,0,0.12,0.36,
mO_351(I)_gA6_v1(495-519),25,0,0.12,0.36,
mO_351(II)_gND8_v1(95-137),43,0,0.18604651162790697,0.3023255813953488,
mO_351(II)_gND8_v2(95-137),43,0,0.18604651162790697,0.3023255813953488,
mO_351(IV)_gND8_v1(269-305),37,2,0.35135135135135137,0.32432432432432434,
mO_351(IV)_gND8_v2(269-305),37,2,0.35135135135135137,0.32432432432432434,
mO_352(I)_gCR3(192-230),39,0,0.20512820512820512,0.28205128205128205,
mO_352(II)_gND8_v1(426-470),45,0,0.24444444444444444,0.28888888888888886,
mO_352(II)_gND8_v2(425-469),45,0,0.24444444444444444,0.28888888888888886,
mO_352(IV)_gND7(773-822),50,1,0.3,0.24,
mO_353(I)_gND9(462-502),41,0,0.1951219512195122,0.2682926829268293,
mO_353(II)_gND3(96-140),45,0,0.17777777777777778,0.26666666666666666,
mO_353(IV)_gA6_v1(161-204),44,1,0.22727272727272727,0.3181818181818182,
mO_353(IV)_gA6_v2(161-204),44,1,0.22727272727272727,0.3181818181818182,
mO_354(II)_gND7(919-964),46,0,0.32608695652173914,0.2391304347826087,
mO_354(IV)_gND9(404-444),41,2,0.2682926829268293,0.3170731707317073,
mO_355(I)_gA6_v2(478-519),42,0,0.21428571428571427,0.30952380952380953,
mO_355(I)_gA6_v1(478-519),42,0,0.21428571428571427,0.30952380952380953,
mO_355(II)_gND8_v1(96-136),41,0,0.1951219512195122,0.2926829268292683,
mO_355(II)_gND8_v2(96-136),41,0,0.1951219512195122,0.2926829268292683,
mO_355(IV)_gND8_v1(269-305),37,2,0.32432432432432434,0.35135135135135137,
mO_355(IV)_gND8_v2(269-305),37,2,0.32432432432432434,0.35135135135135137,
mO_356(II)_gCR4(418-460),43,0,0.11627906976744186,0.2558139534883721,
mO_356(IV)_gND9(270-312),43,0,0.18604651162790697,0.32558139534883723,
mO_357(I)_gCR3(162-200),39,0,0.23076923076923078,0.3076923076923077,
mO_357(II)_gCOX3(805-848),44,1,0.2727272727272727,0.29545454545454547,
mO_357(IV)_gCR4(203-245),43,0,0.3023255813953488,0.3023255813953488,
mO_358(II)_gND7(470-510),41,0,0.3170731707317073,0.36585365853658536,
mO_358(V)_gCOX3(24-63),40,2,0.25,0.275,
mO_359(I)_gCOX3(103-139),37,0,0.16216216216216217,0.40540540540540543,
mO_359(II)_gCR4(429-469),41,0,0.17073170731707318,0.3170731707317073,
mO_359(IV)_gND7(530-573),44,1,0.22727272727272727,0.29545454545454547,
mO_360(I)_gCOX3(148-192),45,0,0.2222222222222222,0.26666666666666666,
mO_360(II)_gCOX3(118-160),43,1,0.27906976744186046,0.23255813953488372,
mO_360(IV)_gA6_v1(88-130),43,0,0.3023255813953488,0.27906976744186046,
mO_360(IV)_gA6_v2(88-130),43,0,0.3023255813953488,0.27906976744186046,
mO_361(Ia)_gCOX3(212-255),44,0,0.22727272727272727,0.2727272727272727,
mO_361(IV)_gA6_v1(162-207),46,0,0.17391304347826086,0.30434782608695654,
mO_361(IV)_gA6_v2(162-207),46,0,0.17391304347826086,0.30434782608695654,
mO_361(V)_gND7(1026-1071),46,1,0.30434782608695654,0.21739130434782608,
mO_362(Ia)_gCOX3(211-256),46,0,0.21739130434782608,0.2391304347826087,
mO_362(II)_gND7(591-633),43,0,0.32558139534883723,0.27906976744186046,
mO_362(IV)_gCOX3(179-220),42,0,0.16666666666666666,0.3333333333333333,
mO_363(I)_gCR3(154-194),41,1,0.2682926829268293,0.2682926829268293,
mO_363(II)_gCOX3(768-813),46,0,0.21739130434782608,0.30434782608695654,
mO_364(II)_gND7(497-539),43,1,0.27906976744186046,0.3023255813953488,
mO_364(V)_gCR3(55-93),39,0,0.15384615384615385,0.3333333333333333,
mO_365(I)_gND9(463-504),42,1,0.21428571428571427,0.35714285714285715,
mO_365(II)_gND3(93-136),44,0,0.1590909090909091,0.2727272727272727,
mO_365(V)_gND8_v2(355-390),36,0,0.3611111111111111,0.3888888888888889,
mO_366(I)_gND7(239-270),32,1,0.40625,0.21875,
mO_366(II)_gND7(279-313),35,1,0.2571428571428571,0.4,
mO_366(IV)_gCR3(234-276),43,0,0.3488372093023256,0.3023255813953488,
mO_367(I)_gND8_v2(186-227),42,1,0.23809523809523808,0.3333333333333333,
mO_367(I)_gND8_v1(186-227),42,1,0.23809523809523808,0.3333333333333333,
mO_368(I)_gCR4(385-426),42,0,0.16666666666666666,0.23809523809523808,
mO_368(IV)_gND3(340-378),39,1,0.358974358974359,0.3076923076923077,
mO_369(II)_gND9(97-130),34,0,0.17647058823529413,0.3235294117647059,
mO_369(IV)_gCOX3(235-276),42,1,0.2619047619047619,0.2619047619047619,
mO_370(I)_gA6_v2(479-519),41,0,0.1951219512195122,0.3170731707317073,
mO_370(I)_gA6_v1(479-519),41,0,0.1951219512195122,0.3170731707317073,
mO_370(II)_gND8_v1(96-136),41,0,0.1951219512195122,0.2682926829268293,
mO_370(II)_gND8_v2(96-136),41,0,0.1951219512195122,0.2682926829268293,
mO_370(IV)_gND8_v1(269-305),37,2,0.32432432432432434,0.3783783783783784,
mO_370(IV)_gND8_v2(269-305),37,2,0.32432432432432434,0.3783783783783784,
mO_371(I)_gCR3(186-231),46,0,0.1956521739130435,0.2608695652173913,
mO_371(II)_gND8_v1(432-470),39,0,0.23076923076923078,0.2564102564102564,
mO_371(II)_gND8_v2(431-469),39,0,0.23076923076923078,0.2564102564102564,
mO_371(IV)_gND7(778-821),44,2,0.29545454545454547,0.22727272727272727,
mO_371(V)_gND7(92-121),30,1,0.3,0.3,
mO_372(I)_gCOX3(427-470),44,0,0.25,0.2727272727272727,
mO_372(II)_gCOX3(462-512),49,1,0.3469387755102041,0.24489795918367346,
mO_372(IV)_gA6_v1(65-105),41,0,0.3170731707317073,0.2682926829268293,
mO_372(IV)_gA6_v2(65-105),41,0,0.3170731707317073,0.2682926829268293,
mO_373(V)_gCOX3(837-880),44,1,0.2727272727272727,0.25,
mO_374(III)_gA6_v1(217-257),41,0,0.36585365853658536,0.1951219512195122,
mO_374(III)_gA6_v2(217-257),41,0,0.36585365853658536,0.1951219512195122,
mO_374(IV)_gA6_v1(138-185),48,0,0.20833333333333334,0.2916666666666667,
mO_374(IV)_gA6_v2(138-185),48,0,0.20833333333333334,0.2916666666666667,
mO_375(I)_gND9(571-610),40,1,0.3,0.3,
mO_375(II)_gCOX3(105-140),36,0,0.2222222222222222,0.3888888888888889,
mO_375(IV)_gND8_v1(273-302),30,0,0.23333333333333334,0.43333333333333335,
mO_375(IV)_gND8_v2(273-302),30,0,0.23333333333333334,0.43333333333333335,
mO_376(I)_gCOX3(606-641),36,0,0.3333333333333333,0.2777777777777778,
mO_376(II)_gND7(1071-1113),43,1,0.3023255813953488,0.32558139534883723,
mO_376(IV)_gND7(33-72),40,1,0.25,0.275,
mO_376(V)_gND3(187-230),44,0,0.2727272727272727,0.22727272727272727,
mO_377(I)_gA6_v2(116-155),40,0,0.25,0.275,
mO_377(I)_gA6_v1(116-155),40,0,0.25,0.275,
mO_377(II)_gND8_v1(199-241),43,0,0.23255813953488372,0.3488372093023256,
mO_377(II)_gND8_v2(199-241),43,0,0.23255813953488372,0.3488372093023256,
mO_377(IV)_gCR4(295-336),42,0,0.16666666666666666,0.2857142857142857,
mO_378(I)_gCR4(385-419),35,0,0.17142857142857143,0.3142857142857143,
mO_378(V)_gND7(1035-1075),41,1,0.2682926829268293,0.3170731707317073,
mO_379(Ia)_gCOX3(215-255),41,1,0.24390243902439024,0.2926829268292683,
mO_379(II)_gND7(592-636),45,1,0.35555555555555557,0.2222222222222222,
mO_379(IV)_gCOX3(178-221),44,0,0.1590909090909091,0.3181818181818182,
mO_381(I)_gCOX3(435-471),37,0,0.1891891891891892,0.35135135135135137,
mO_381(II)_gCR4(509-540),32,1,0.34375,0.25,
mO_381(IV)_gCOX3(235-277),43,1,0.23255813953488372,0.32558139534883723,
mO_382(Orphan)_gCYB(33-61),29,0,0.3103448275862069,0.27586206896551724,
mO_382(IV)_gND3(156-183),28,0,0.42857142857142855,0.2857142857142857,
mO_383(I)_gCOX3(308-332),25,0,0.24,0.32,
mO_383(III)_gA6_v1(217-257),41,0,0.3170731707317073,0.21951219512195122,
mO_383(III)_gA6_v2(217-257),41,0,0.3170731707317073,0.21951219512195122,
mO_383(IV)_gA6_v1(135-181),47,0,0.23404255319148937,0.2765957446808511,
mO_383(IV)_gA6_v2(135-181),47,0,0.23404255319148937,0.2765957446808511,
mO_384(I)_gA6_v2(107-155),49,0,0.30612244897959184,0.1836734693877551,
mO_384(I)_gA6_v1(107-155),49,0,0.30612244897959184,0.1836734693877551,
mO_384(II)_gND8_v1(199-242),44,0,0.29545454545454547,0.2727272727272727,
mO_384(II)_gND8_v2(199-242),44,0,0.29545454545454547,0.2727272727272727,
mO_384(IV)_gCR4(293-336),44,0,0.1590909090909091,0.2727272727272727,
mO_385(I)_gCOX3(152-193),42,0,0.19047619047619047,0.30952380952380953,
mO_385(II)_gND7(670-709),40,0,0.275,0.325,
mO_385(IV)_gND7(527-568),42,0,0.19047619047619047,0.2619047619047619,
mO_386(I)_gND8_v2(210-249),40,1,0.35,0.2,
mO_386(I)_gND8_v1(210-249),40,1,0.35,0.2,
mO_386(II)_gCR3(216-257),42,0,0.35714285714285715,0.2619047619047619,
mO_386(IV)_gND9(238-282),45,1,0.2222222222222222,0.26666666666666666,
mO_387(I)_gA6_v2(247-285),39,0,0.3076923076923077,0.2564102564102564,
mO_387(I)_gA6_v1(247-285),39,0,0.3076923076923077,0.2564102564102564,
mO_387(II)_gCR4(443-471),29,0,0.10344827586206896,0.3103448275862069,
mO_387(IV)_gND9(269-310),42,0,0.19047619047619047,0.2857142857142857,
mO_388(I)_gCR3(104-139),36,0,0.1388888888888889,0.2777777777777778,
mO_388(IV)_gA6_v1(354-398),45,0,0.26666666666666666,0.26666666666666666,
mO_388(IV)_gA6_v2(354-398),45,0,0.26666666666666666,0.26666666666666666,
mO_388(V)_gND7(1035-1069),35,1,0.2571428571428571,0.2857142857142857,
mO_389(I)_gND9(556-592),37,1,0.32432432432432434,0.2702702702702703,
mO_389(II)_gND9(433-474),42,1,0.2857142857142857,0.2857142857142857,
mO_391(II)_gND7(989-1015),27,1,0.37037037037037035,0.37037037037037035,
mO_392(I)_gND8_v1(326-368),43,2,0.27906976744186046,0.27906976744186046,
mO_392(I)_gND8_v2(326-368),43,2,0.27906976744186046,0.27906976744186046,
mO_393(II)_gCR4(384-426),43,0,0.13953488372093023,0.27906976744186046,
mO_393(IV)_gCR3(84-125),42,0,0.16666666666666666,0.30952380952380953,
mO_394(II)_gCOX3(455-495),41,1,0.24390243902439024,0.24390243902439024,
mO_394(IV)_gRPS12(36-73),38,0,0.18421052631578946,0.3684210526315789,
mO_395(II)_gRPS12(90-126),37,0,0.2702702702702703,0.2972972972972973,
mO_395(IV)_gND3(126-166),41,0,0.1951219512195122,0.3170731707317073,
mO_396(II)_gCOX3(614-642),29,0,0.41379310344827586,0.3103448275862069,
mO_396(V)_gND9(490-532),43,0,0.2558139534883721,0.27906976744186046,
mO_397(II)_gA6_v1(351-380),30,0,0.23333333333333334,0.26666666666666666,
mO_397(II)_gA6_v2(351-380),30,0,0.23333333333333334,0.26666666666666666,
mO_397(IV)_gA6_v1(168-207),40,0,0.15,0.4,
mO_397(IV)_gA6_v2(168-207),40,0,0.15,0.4,
mO_398(II)_gRPS12(218-265),48,0,0.3333333333333333,0.2708333333333333,
mO_398(IV)_gCOX3(371-408),38,0,0.15789473684210525,0.3684210526315789,
mO_399(I)_gRPS12(120-161),42,2,0.38095238095238093,0.3333333333333333,
mO_399(IV)_gCOX3(553-594),42,0,0.21428571428571427,0.2857142857142857,
mO_399(V)_gND9(270-310),41,0,0.1951219512195122,0.34146341463414637,
